source;target
harga;batubara
harga;us
harga;ton
harga;pln
harga;jonan
harga;acuan
harga;pltu
harga;diatur
harga;pengusaha
harga;khusus
harga;listrik
harga;tarif
harga;dmo
harga;murah
harga;usd
harga;dipatok
harga;masuk
harga;kelistrikan
batubara;harga
batubara;us
batubara;ton
batubara;juta
batubara;pln
batubara;tambang
batubara;jonan
batubara;acuan
batubara;pltu
batubara;bikin
batubara;sofyanbasir
batubara;kpk
batubara;ekspor
batubara;negara
batubara;rp
batubara;milik
batubara;diatur
batubara;laba
batubara;esdm
batubara;pengusaha
batubara;pakai
batubara;kapal
batubara;perusahaan
batubara;khusus
batubara;revisi
batubara;listrik
batubara;aturan
batubara;terancam
batubara;capai
batubara;jokowi
batubara;garap
batubara;pemerintah
batubara;turun
batubara;tarif
batubara;domestik
batubara;lingkungan
batubara;kenaikan
batubara;dmo
batubara;murah
batubara;usd
batubara;menteri
batubara;dipatok
batubara;bersih
batubara;hibrida
batubara;maret
batubara;masuk
batubara;tunggu
batubara;devisa
batubara;kelistrikan
batubara;rugi
batubara;wajib
batubara;cs
us;ton
ton;harga
ton;batubara
ton;pln
ton;jonan
ton;pengusaha
ton;hemat
butuh;batubara
juta;batubara
juta;ton
juta;pln
pln;harga
pln;batubara
pln;ton
pln;suap
pln;pltu
pln;proyek
pln;kpk
pln;rp
pln;triliun
pln;pengusaha
pln;khusus
pln;listrik
pln;riau
pln;pemerintah
pln;tarif
pln;kenaikan
pln;dmo
pln;murah
pln;dipatok
pln;hemat
tambang;harga
tambang;batubara
tambang;rio
tambang;khusus
jonan;harga
jonan;batubara
jonan;pln
jonan;pltu
jonan;resmikan
acuan;harga
acuan;batubara
ri;pltu
tersangka;suap
tersangka;pltu
suap;pltu
suap;proyek
suap;sofyanbasir
suap;kpk
suap;riau
suap;idrusmarham
suap;pembangunan
pltu;harga
pltu;batubara
pltu;pln
pltu;tambang
pltu;suap
pltu;proyek
pltu;rumah
pltu;sofyanbasir
pltu;kpk
pltu;esdm
pltu;riau
pltu;enisaragih
pltu;periksa
pltu;dicecar
pltu;anggota
pltu;idrusmarham
pltu;tersandung
pltu;geledah
pltu;cirebon
pltu;pembangunan
pltu;mw
pltu;anak
pltu;mulut
pltu;celukanbawang
pltu;ii
pltu;bali
pltu;jawa
proyek;tambang
proyek;pltu
proyek;rumah
proyek;kpk
proyek;riau
proyek;mulut
rumah;sofyanbasir
rumah;digeledah
rumah;kpk
sofyanbasir;harga
sofyanbasir;batubara
sofyanbasir;suap
sofyanbasir;pltu
sofyanbasir;proyek
sofyanbasir;rumah
sofyanbasir;digeledah
sofyanbasir;kpk
sofyanbasir;riau
sofyanbasir;panggilan
sofyanbasir;saksi
sofyanbasir;terkait
sofyanbasir;geledah
digeledah;kpk
kpk;suap
kpk;pltu
kpk;proyek
kpk;rumah
kpk;sofyanbasir
kpk;kantor
kpk;panggil
kpk;tahan
kpk;idrus
kpk;riau
kpk;enisaragih
kpk;periksa
kpk;penunjukan
kpk;blackgold
kpk;saksi
kpk;dirut
kpk;pjb
kpk;terkait
kpk;dalami
kpk;ruang
kpk;sita
kpk;dokumen
kpk;bawa
kpk;koper
kpk;geledah
kpk;penggeledahan
kpk;kerja
kpk;proses
kpk;ptpjb
ekspor;batubara
ekspor;pakai
ekspor;cs
negara;rp
negara;triliun
rp;harga
rp;batubara
rp;pln
rp;pltu
rp;triliun
rp;esdm
rp;miliar
rio;tinto
jual;batubara
triliun;harga
triliun;batubara
triliun;pltu
triliun;esdm
kantor;pln
kantor;kpk
kantor;pjb
bahas;harga
bahas;batubara
boy;thohir
laba;pln
laba;rp
laba;bersih
angkut;batubara
esdm;harga
esdm;batubara
esdm;pltu
pengusaha;harga
pengusaha;batubara
pengusaha;pln
pakai;kapal
pakai;lokal
kapal;batubara
kapal;ekspor
kapal;tongkang
kapal;nasional
kapal;lokal
dpr;harga
dpr;batubara
dpr;kpk
dpr;enisaragih
panggil;suap
panggil;sofyanbasir
panggil;saksi
perusahaan;batubara
perusahaan;tambang
perusahaan;kontrak
khusus;harga
khusus;batubara
khusus;pln
khusus;pltu
khusus;listrik
teken;batubara
teken;kontrak
revisi;aturan
kontrak;batubara
penerimaan;negara
penerimaan;rp
listrik;harga
listrik;batubara
listrik;us
listrik;pln
listrik;pltu
listrik;kpk
listrik;tenaga
listrik;murah
berlaku;harga
pengangkut;batubara
tetapkan;batubara
korupsi;pltu
aturan;harga
aturan;batubara
aturan;pln
bupati;temanggung
bupati;terpilih
sektor;batubara
riau;batubara
riau;suap
riau;pltu
riau;proyek
riau;rumah
riau;sofyanbasir
riau;kpk
riau;kantor
riau;enisaragih
riau;periksa
riau;dicecar
riau;penuhi
riau;investasi
riau;anggota
riau;idrusmarham
riau;geledah
riau;dmo
enisaragih;pln
enisaragih;tersangka
enisaragih;suap
enisaragih;pltu
enisaragih;kpk
enisaragih;dpr
diperiksa;suap
diperiksa;kpk
dicecar;kpk
blackgold;pltu
blackgold;riau
penuhi;kpk
penuhi;panggilan
panggilan;kpk
saksi;suap
saksi;pltu
saksi;riau
dirut;pjb
dirut;investasi
dirut;ptpjb
pjb;investasi
investasi;suap
investasi;terkait
anggota;dpr
anggota;enisaragih
kena;ott
ott;enisaragih
dipanggil;suap
dipanggil;kpk
dipanggil;terkait
terkait;suap
terkait;pltu
terkait;proyek
terkait;riau
idrusmarham;kpk
duit;suap
tulis;surat
ruang;enisaragih
ruang;kerja
tersandung;suap
dugaan;suap
dugaan;pltu
dugaan;riau
sita;dokumen
bawa;koper
geledah;pln
geledah;rumah
geledah;sofyanbasir
geledah;kpk
geledah;kantor
geledah;pjb
power;pltu
capai;ton
capai;juta
capai;rp
kerja;dpr
kerja;enisaragih
jokowi;harga
jokowi;batubara
jokowi;kpk
temanggung;terpilih
cirebon;power
cirebon;ii
pembangunan;pltu
pembangunan;riau
mw;pln
bukit;asam
garap;pltu
bangun;pltu
produksi;batubara
produksi;juta
produksi;capai
mulut;tambang
pemerintah;harga
pemerintah;batubara
pemerintah;dmo
pemerintah;atur
pemerintah;hapus
asam;rp
tarif;harga
tarif;batubara
tarif;pln
tarif;listrik
pp;harga
pp;batubara
membahayakan;pln
pembangkit;batubara
pembangkit;listrik
pembangkit;tenaga
diklaim;ramah
ramah;lingkungan
lingkungan;pltu
gas;bumi
kenaikan;harga
kenaikan;batubara
kenaikan;pln
kenaikan;listrik
dmo;batubara
dmo;pln
dmo;tarif
murah;pln
murah;listrik
murah;terancam
target;batubara
pasokan;batubara
pasokan;pln
dampak;harga
usd;ton
usd;pln
usd;jonan
usd;pengusaha
menteri;harga
menteri;jonan
menteri;esdm
bisnis;batubara
tolak;harga
dipatok;ton
dipatok;pengusaha
dipatok;usd
hemat;rp
kaji;harga
kaji;batubara
mineral;batubara
ptpjb;suap
ptpjb;investasi
profesor;batubara
profesor;itb
itb;batubara
itb;hibrida
maret;harga
maret;batubara
perpres;harga
perpres;batubara
atur;harga
atur;batubara
formula;listrik
formula;tarif
patokan;harga
patokan;batubara
patokan;usd
masuk;tarif
ketersediaan;batubara
rencana;harga
rencana;batubara
rencana;dmo
rencana;penghapusan
transfer;batubara
transfer;kuota
kuota;batubara
kelistrikan;batubara
penghapusan;batubara
penghapusan;pln
pencabutan;harga
pencabutan;batubara
pencabutan;khusus
pencabutan;aturan
ketergantungan;batubara
wajib;kapal
wajib;nasional
emiten;batubara
penetapan;harga
penetapan;batubara
penetapan;dmo
lokal;batubara
cs;pakai
cs;kapal
hapus;batubara
hapus;dmo
