detikcom,ichaelza
detikcom,Albertbert97
detikfinance,detikcom
detikfinance,detikcom
detikcom,ryolandafit
CNNIndonesia,ryolandafit
detikcom,ryolandafit
detikcom,ryolandafit
detikcom,ryolandafit
detikcom,ryolandafit
detikcom,ryolandafit
detikcom,ryolandafit
detikcom,Amy_Eteek
detikcom,Amy_Eteek
okezonenews,Amy_Eteek
CNNIndonesia,Amy_Eteek
detikcom,ice_crystalrose
detikcom,R_kurnia_
detikfinance,FirmanAbdulF
detikcom,MVWulan
detikcom,nauval_azhari
detikcom,taengguv
detikcom,RamadhanRizky28
kompascom,moulanapanji
kompascom,moulanapanji
detikcom,AellienElin94
detikcom,diditsw
detikcom,shelly_mareni
kompascom,AEPishere
cnbcindonesia,AEPishere
detikcom,AEPishere
kumparan,AEPishere
detikcom,AEPishere
detikcom,AEPishere
kompascom,AEPishere
detikcom,AEPishere
kompascom,AEPishere
CNNIndonesia,AEPishere
detikfinance,AEPishere
kompascom,AEPishere
kumparan,AEPishere
kompascom,Winyhe
kompasiana,kompascom
kompasiana,kompascom
detikcom,im_hestyy
detikcom,im_hestyy
detikcom,dypur2017
idtodayco,VSIglory
detikcom,madjxc
detikcom,iik_najib
detikcom,iik_najib
BigAlphaID,besta_
detikcom,cocacicoci
detikcom,ririesmart28
detikcom,wa7503
idtodayco,SlametR4477
detikcom,Muhammad_Ikbal0
idtodayco,fryahya
idtodayco,NaburjuTigor
CNNIndonesia,ChristWamea
AchsanulQosasi,ChristWamea
idtodayco,ChristWamea
detikcom,ridhokbr
idtodayco,Basuki80844076
detikcom,___ZADU___
revofebri,ahmadmansur_
detikcom,GalihPradityo
detikcom,diskasoebagyo
BigAlphaID,sarahkhairiyah
detikcom,derrybocon
detikcom,kingvQ
detikcom,wildan_ulwan
My_LoveNebe,red1n1earth
sasjuniva,letjes_nganan
detikcom,letjes_nganan
detikcom,AlexanderRambe5
detikcom,vinamonikaaa
detikcom,BangEDsinul
benysaputra,realllllkicorn
detikfinance,realllllkicorn
detikcom,realllllkicorn
detikfinance,realllllkicorn
detikcom,Vikri_97
LBhagawanta,Vikri_97
My_LoveNebe,hemaviton99
detikcom,billysmbring366
detikcom,babaSusetyo
idtodayco,CepOmes
idtodayco,Taufiq_fr11
detikcom,4MIN_W
detikcom,4MIN_W
detikfinance,realAbikaTrader
detikcom,thatau99
detikcom,sufiyadi8
My_LoveNebe,dwytono
My_LoveNebe,dwytono
detikcom,KBlitary
detikcom,lukymen75
detikcom,kangsario
detikcom,prasastimaul
detikcom,Rian_Herdian17
detikcom,Riko_saputra0
detikcom,UmarSudiro5
detikcom,dewadarmayana
detikcom,AlpianiResi
detikcom,eonnirany
detikcom,RadioQJogja883
kompasiana,rajulan_mnoor
My_LoveNebe,amaraya_bahy
detikcom,MuammarAldafi
idtodayco,MuammarAldafi
kompasiana,marinarambe
idtodayco,elan_kaula
detikcom,fathurizalhbllh
detikcom,sisa_lebaran
detikcom,husnan_ghazi
detikcom,aideleis
detikcom,bellaakkk_
detikcom,deridwikur
detikcom,gunawan_ozi
detikcom,dma_ariyani
detikcom,rayutomo9
Predator___id,RonaldLampard8
GamaelBen,RonaldLampard8
My_LoveNebe,RonaldLampard8
detikcom,andi_suraid
My_LoveNebe,raihan_oo7
My_LoveNebe,nius77
detikcom,Peggysukma17
detikfinance,Nissa_tebet
detikcom,ito_taktiktuk
detikcom,NugrohoYoga_
detikcom,hady_m13
detikcom,Friedricepedas
detikcom,Denjaka57595197
detikcom,Denjaka57595197
My_LoveNebe,RoellyRosuli
detikcom,mtaufiqr
detikcom,YudiDanvers
detikcom,arti_desain
BigAlphaID,sanubari_ks
detikcom,SeptiianNugroho
detikcom,nnyndrwt
detikcom,daw_nanda
My_LoveNebe,JannesHutajulu
detikcom,pondok_bip
detikcom,Rayhan76581528
detikcom,ShierlySoeprap2
detikcom,Miteuk_1004
detikcom,AishaFalaq
jawapos,mudha_satriya
detikcom,ririariany
detikcom,KokoAja4
detikcom,evesusi
detikcom,azwarann
detikcom,roseliarossel
detikcom,AnggarainiMitha
detikcom,Jarpoel_
detikcom,Ica_fairuz
detikcom,RVSA_241219
detikcom,nadiafarida3
detikcom,nadiafarida3
kompascom,Syhildaaa
detikcom,fariha_10
kompasiana,aa_argun
detikcom,AldoCerena
dimas_skeptis,R_one_9ball
detikcom,bagusprisandhy
detikfinance,kiasleo
CNNIndonesia,kiasleo
kompascom,kiasleo
detikcom,kiasleo
detikfinance,kiasleo
BigAlphaID,fajarr_satya
detikcom,fajarr_satya
detikcom,fajarr_satya
detikcom,nnuuurrruuull
detikcom,_MRBTH_
detikcom,_MRBTH_
detikcom,_MRBTH_
detikcom,_MRBTH_
detikcom,_MRBTH_
detikcom,_MRBTH_
detikcom,_MRBTH_
detikcom,_MRBTH_
detikcom,_MRBTH_
detikcom,_MRBTH_
detikcom,_MRBTH_
detikfinance,_MRBTH_
detikcom,Mideam_Micky
detikcom,rahmatpeskins
detikcom,carissatiani
CNNIndonesia,Ludita_Cossa
detikcom,wendharesma
kompasiana,tweetaje_aje
kompasiana,gagitudit
My_LoveNebe,NurAzisAbimanyu
My_LoveNebe,kuring_dedi
My_LoveNebe,g0bell_78
detikcom,novianantonius
detikcom,lnwakhidah
detikcom,iqbal_murtadho
cnbcindonesia,bangkitriambada
cnbcindonesia,bangkitriambada
cnbcindonesia,bangkitriambada
cnbcindonesia,bangkitriambada
cnbcindonesia,bangkitriambada
cnbcindonesia,bangkitriambada
cnbcindonesia,bangkitriambada
cnbcindonesia,bangkitriambada
cnbcindonesia,bangkitriambada
cnbcindonesia,bangkitriambada
cnbcindonesia,bangkitriambada
cnbcindonesia,bangkitriambada
detikcom,DonyN0friandA
detikcom,fajarcaplin
detikcom,fajarcaplin
kompasiana,b15uk
My_LoveNebe,Kirana75390097
detikcom,mesyaanf_
detikcom,ferdian_d
Pr1y4_Utomo,RayMuha68843402
detikcom,DeriDar84227651
detikcom,vahmiudux
detikcom,bayuuiraawaann
detikcom,aridesuka
detikcom,ITeruna3
detikcom,ITeruna3
detikcom,rizkdarwin
newsmediacoid,RapiHerdiansyah
detikfinance,Agniarahmawati7
detikcom,RaafianPrabowo
detikcom,RaafianPrabowo
detikcom,RaafianPrabowo
kompascom,RaafianPrabowo
detikcom,IndahCalista3
detikcom,sweetpotatoch_
detikcom,sweetpotatoch_
detikcom,dcdcdc_c
detikcom,vitoyputra12
detikcom,Muhammad_Arjun7
detikcom,Muhammad_Arjun7
detikcom,tepung_kanji
detikcom,Andikaprasettya
BigAlphaID,Andikaprasettya
My_LoveNebe,Bentir16
detikfinance,DeniWah37019931
detikcom,AdyJunianto17
detikcom,siraitreynold
detikcom,hanung45
detikcom,3su_santi
detikcom,HasanSunarA
detikcom,YehosyuaYosef
detikcom,NinaAgusta1
detikcom,NinaAgusta1
detikcom,TraderMEDAN
detikcom,puteripermata27
detikcom,dwinopiyanto
detikcom,sekarengin
detikcom,susantokeparat1
detikfinance,Mawar_Ningtias
detikcom,arhidayat_
detikcom,krisnaslam
detikcom,ThisIsWakanda
detikcom,thoyyibrizqi
detikcom,muhammadabann
detikcom,harnitaaa
detikcom,haidar_rahmat
detikcom,gwaenchanaa
detikcom,Belliiceman
detikcom,fidanzata97
detikcom,adhichrisyan
detikcom,maxii_lindy
detikfinance,FikriNaufalDza2
My_LoveNebe,PakSerdadu
My_LoveNebe,PakSerdadu
republikaonline,Asngari
detikcom,BarcodeW
detikcom,Ikbal0705
detikcom,dik_genPetir
detikcom,dik_genPetir
detikcom,AstieC
detikcom,meiiitea
detikcom,FitriAmaliya7
republikaonline,dodhik
detikcom,kojeck_1011
detikcom,Anthony_Chr1234
detikcom,youngboyyy_
detikcom,deepiw
detikcom,rizkyudhapra
detikcom,ItsMe2503_
detikcom,hanif_fuad
detikcom,BrinoMilanista
detikcom,BrinoMilanista
detikcom,RatnaRa22101002
BigAlphaID,hanifahmmsrg
detikcom,Wantonytony2
detikcom,ginadi_edwin
detikcom,sdr_yogi
detikcom,PradiptaArya4
My_LoveNebe,infosebelah
detikcom,lauravadzlaH
republikaonline,faridaintan_
detikcom,ayuy_99
My_LoveNebe,zubhan08
detikcom,Muhamma34524487
detikcom,Husnimbk98
My_LoveNebe,JoKerR_nN
detikcom,Valdin_Sevtyan
detikcom,Nga_Ngi_Nge_Ngu
My_LoveNebe,sugiyan42759
detikcom,tuankurio
detikcom,Nugrahjeh
detikcom,anwars26
detikcom,arief_dh19
detikcom,ValdaPutraa
detikfinance,1hsan
realAbikaTrader,1hsan
My_LoveNebe,Aripinipin123
detikcom,anisanurulaida
My_LoveNebe,AnakBabeGw
detikcom,coco68148758
wartacakrawala,Elaaaaaz
My_LoveNebe,laknatPkiHtiFpi
My_LoveNebe,Rian170363Az
My_LoveNebe,Rian170363Az
wartacakrawala,zay_diyaz
detikcom,dhvdhyt
detikcom,halosumii
detikcom,halosumii
My_LoveNebe,Winardhi__
detikcom,Dewi52956436
detikcom,yusufiananta
detikfinance,jumatul_khair
detikcom,sanybachtiar
My_LoveNebe,555masteng
detikcom,dianfitriaa_
detikcom,dodi_ahmad07
My_LoveNebe,dodi_ahmad07
detikcom,MusriKhalid
detikcom,natalia_say
detikcom,adriansah_alief
detikcom,nurumamiahhrp
detikcom,mahameru_hijau
detikcom,dyodharma
detikcom,Nurrohman95_
detikcom,Khoirul90158405
detikcom,Khoirul90158405
detikcom,ddavidyordann
detikcom,endangtr
detikcom,ChafiraR
detikcom,GrahaLingga
detikcom,Sleepdocter
BigAlphaID,laroseelsa
catuaries,laroseelsa
detikcom,lubai50
GamaelBen,AnakLolina2
My_LoveNebe,AnakLolina2
Predator___id,AnakLolina2
My_LoveNebe,dergrosenjoe135
BigAlphaID,anifnurul
My_LoveNebe,Great_Pujangga
detikcom,unaay
detikcom,ajeduyy
detikcom,ejafahlevi
detikcom,athalah_fauzi
detikcom,majestymildred
detikcom,luqman78
My_LoveNebe,KangAzzev
detikcom,krismaturker
detikcom,hedhedd
detikfinance,au8ustamia
detikfinance,jasuke01
detikcom,RasyidDemokrat
detikcom,Elfadhiylla
detikcom,azyweiser
detikcom,DianArdona
detikcom,andithedarjooos
My_LoveNebe,achzam_prabu
detikcom,sharkyfn
My_LoveNebe,Tattyandra
My_LoveNebe,crown_abie
My_LoveNebe,crown_abie
detikcom,Pepeeee30
My_LoveNebe,NamakoeNing1812
detikcom,Ahmadrifai_93
detikcom,sendysuwanto
detikcom,shoalihinafalaq
detikcom,NabilRaditya
detikcom,Pembangkang_
My_LoveNebe,FerrySusilo81
detikfinance,Mukti_Akb
My_LoveNebe,Izznaq
detikcom,billy_sipriano
My_LoveNebe,ensyclo47
My_LoveNebe,HOzil19
My_LoveNebe,WahhabiCC
My_LoveNebe,AbdoellahC
My_LoveNebe,diansuwandi90
detikcom,PutriSe21221548
okezonenews,safrudi53158735
detikcom,ekaoktvn
detikcom,ellynainna
detikcom,Fitrawan_A
detikcom,Muhikhsaaan
detikcom,gregoriosbayup
detikfinance,supportkalian
cnbcindonesia,eknug
cnbcindonesia,eknug
KontanNews,eknug
detikfinance,eknug
cnbcindonesia,eknug
cnbcindonesia,eknug
detikcom,aldrprtm
detikcom,NdraWah
cnbcindonesia,NdraWah
cnbcindonesia,KKDhaf
detikcom,heri_h_
detikcom,ekosabrang50
My_LoveNebe,mbahnoer88
My_LoveNebe,NinjaCir3ng
My_LoveNebe,WibiantoAndreas
detikcom,BeCLaww
detikcom,RendyPrashino
detikcom,RendyPrashino
detikcom,RendyPrashino
detikcom,RendyPrashino
detikcom,Hery_Herie
detikcom,KuMaulana
detikcom,msugara_
detikcom,himawariloverss
detikcom,philiplinajj
detikcom,FRPrayogo
detikcom,FRPrayogo
BigAlphaID,FRPrayogo
detikcom,purnamadewisari
detikcom,Upio_89
detikcom,fauzan_smith
BigAlphaID,ArfL18_
detikfinance,ArfL18_
detikcom,ArfL18_
detikcom,rzqsi
detikcom,indradebirong
detikcom,denys_chandra
detikcom,aninditaaa__
detikcom,Totok_ID
detikcom,citapraasada
detikcom,citapraasada
detikcom,DartoJr_QZR
detikcom,ryvaldo_ak
detikfinance,sansnugget
detikcom,cherusii_
detikcom,Rooohaan
detikcom,dwath69
detikcom,dwath69
detikcom,dimasab06377785
detikcom,lutfi_BP
detikcom,adibim
detikcom,AdhiSaputra07
detikcom,vico8448
detikcom,Tikiiipelliaa_
detikcom,vick37890
detikcom,vick37890
detikcom,ygndini_feb
detikcom,FA_emeres
BigAlphaID,FA_emeres
detikcom,suzli05
detikcom,RomoDonnyR
RadioSmartFM,RomoDonnyR
detikfinance,q5xd2i
detikfinance,yuntariifti99
detikcom,Iqbal_razaq
detikcom,Iqbal_razaq
CNNIndonesia,gitamarindra
detikcom,gitamarindra
cnbcindonesia,gitamarindra
detikcom,FadhilK12
detikfinance,miawabuk
detikcom,buihmelebur
detikfinance,Putera1996
detikfinance,SuvAdin
kumparan,Putrakroos
detikcom,JokauuSAC
detikcom,tegarcamspeed
kumparan,tegarcamspeed
BigAlphaID,luwakwaitkopi
kumparan,luwakwaitkopi
AREAJULID,ssbillatasya
detikfinance,haihello0
detikcom,LinndaLinda
_Wiwis_Mbecak,Gerando51848129
detikcom,cintadalamgelas
detikcom,laurita_lia
detikcom,AfrizaMunaf
catuaries,NugrahaSaputera
catuaries,sibison_terbang
detikcom,andreaskoernia1
detikcom,andreaskoernia1
detikfinance,MissFannyChrist
detikcom,bajaklautmks
detikcom,nonamamesa
cnbcindonesia,ajizaan
detikcom,ajizaan
detikfinance,pandukwn
detikcom,pandukwn
detikcom,Myzone_news
detikcom,rickysnggh
detikcom,mellymouse_
detikcom,Rismaayunur
detikfinance,Dwicahyono273
detikfinance,nayawlndr
detikfinance,ChristGreato
detikfinance,ChristGreato
indoinsidenews,azharazies
kompasiana,Galuh748
detikcom,CoraemaSita
BigAlphaID,AriLapar
BigAlphaID,Inam_zaidi
detikcom,Ancibb
detikfinance,fjar_05
detikcom,officialwawan
detikfinance,nurindahrivai
detikfinance,nurindahrivai
BigAlphaID,amaliyakp
adriansyahyasin,RowBend
detikcom,denitaa04
detikfinance,denitaa04
detikfinance,iamtarumanagara
BigAlphaID,Niiaabcd
detikcom,yusuufbahtiar
detikcom,ErsyachIrSun
BigAlphaID,DSagha
detikcom,andre_reinhart
detikfinance,andre_reinhart
detikcom,destisisi
detikcom,Agustina_Jkt
detikfinance,Agustina_Jkt
detikcom,nkhrnisa
detikcom,IGANSulastrini
detikcom,gutuz
detikcom,takutgelapp
detikcom,heavenbby01
detikcom,HaidarRachman1
cnbcindonesia,ArfanRazif
cnbcindonesia,ArfanRazif
detikfinance,nakamuradja
CNNIndonesia,VOSagita
detikfinance,iamdigi_
detikcom,gintingniaa
detikfinance,adityayu_
BigAlphaID,adityayu_
detikfinance,adityayu_
BigAlphaID,bijimeledak_
detikfinance,firmanpocofiabl
detikfinance,yunusbara71
detikfinance,yunusbara71
kompascom,trian_toa
detikfinance,HayiOvy
adriansyahyasin,ndhikaa
BigAlphaID,WardanaSiregar
detikcom,Awal_Kembara
detikfinance,beryteaa
kumparan,syaifulkhumaidy
stoicalactivist,SBunyanih
kompascom,dinayulia21
detikcom,ErfanMaada
kompascom,yugo_ariyo
detikfinance,Divinidili
detikcom,Divinidili
detikcom,Divinidili
wow_keren,RahnaTrisnayani
detikfinance,SuryaMantul
catuaries,y_satrio
BigAlphaID,y_satrio
detikfinance,rumpurannpe
detikfinance,wdyt22_
kumparan,MaydanRizki
detikfinance,melntamel
detikfinance,melntamel
catuaries,rheyputation
BigAlphaID,rheyputation
detikfinance,agungissmile
detikfinance,agungissmile
detikfinance,awangpri_
BigAlphaID,aisyahimass
detikfinance,ManaluOktaviana
indoinsidenews,arksaputra
BigAlphaID,arksaputra
indoinsidenews,buceiswara
detikfinance,mukaboeladh30
KontanNews,mukaboeladh30
CNNIndonesia,SusenoSeno15
CNNIndonesia,SusenoSeno15
CNNIndonesia,AyiJuf
CNNIndonesia,gdesaskh
detikfinance,samoederaharapa
kompascom,muhArief11
detikfinance,muhArief11
detikfinance,muhArief11
detikcom,muhArief11
okezonenews,muhArief11
KontanNews,muhArief11
KontanNews,muhArief11
CNNIndonesia,xunshangmei
detikfinance,Edy55423075
detikfinance,MedyKristian
BigAlphaID,cahcilikjo
catuaries,fenrysva
detikcom,fenrysva
yudhoarerihan,meaniecas
cnbcindonesia,Helloki14730934
detikfinance,dabenone2
cnbcindonesia,dabenone2
Naolivia__,dabenone2
_Wiwis_Mbecak,dabenone2
runturambi_w,dabenone2
detikfinance,dabenone2
cnbcindonesia,dabenone2
detikfinance,aditya_agaasa
detikfinance,AdeTaufiqH
detikcom,gowryeee
cnbcindonesia,nazimannabih
peradafan,MasuppUI
afianditomuda,MasuppUI
catuaries,TheAlloyolla
detikfinance,adityasng_
cnbcindonesia,Ad1winat4
BigAlphaID,rizkykenang
detikcom,Ubaidillah01
detikfinance,JustYou223
catuaries,iniozan
cnbcindonesia,Anaksemut4
CNNIndonesia,4rdn4n
OomYahya,4rdn4n
cnbcindonesia,4rdn4n
KontanNews,sisca_gd
CNNIndonesia,zfanani_
cnbcindonesia,RatnaRa64539974
KitaSayangPakde,Nurchan93995658
cnbcindonesia,_shizun
detikcom,LenaliliL
catuaries,marguerite4_
detikfinance,cheesetourbread
catuaries,dnrhmslwu
CNNIndonesia,nnofi11
kompascom,BishamonAvatar
detikfinance,AndiAriadi10
catuaries,bumbuindomistgh
detikfinance,maulydina
detikcom,KikieRebel
CNNIndonesia,RimaHorima
BigAlphaID,ChichaaSiska
CNNIndonesia,RagaJktns
detikcom,afdhaldy
henrysubiakto,Ferry92754797
detikfinance,zlfx____
okezonenews,yuli_584
catuaries,Fahripan
detikfinance,Snw82B
CNNIndonesia,Yoyowusp
CNNIndonesia,detahida
detikcom,wulandari2131
detikfinance,Andreas65369468
CNNIndonesia,wahyu493
catuaries,moch_ridwan_
CNNIndonesia,geapus
CNNIndonesia,butuhkerjahalal
kumparan,sampahajalah
catuaries,keruwetan
CNNIndonesia,sdewitika_
catuaries,capilaalpt
catuaries,catreonot
catuaries,catreonot
JVLEHA,catuaries
catuaries,takisamsam
detikfinance,marzuqi_mar
detikcom,Nurulfaatihahh
cnbcindonesia,nalundo_
detikfinance,adhilakbarr
fyijess,lipties
detikfinance,piskilpascal
KontanNews,islam_indie
detikfinance,endah_nes
detikfinance,Maher_Zack
Donihendarto,aliandobogor77
detikcom,aliandobogor77
detikcom,aliandobogor77
kumparan,cupaawws
kumparan,bribiyan
detikfinance,Mesuka0991
kumparan,sendyalfa24
detikfinance,djongker
BigAlphaID,reneleoo
detikfinance,helveetica
detikfinance,Tarisya_PS
detikfinance,keilyn888
detikfinance,hadhmeant
detikfinance,hadhmeant
detikfinance,hadhmeant
detikfinance,hadhmeant
kompascom,hadhmeant
detikfinance,hadhmeant
detikfinance,hadhmeant
detikfinance,hadhmeant
detikfinance,hadhmeant
detikcom,AlbertSolo2
KontanNews,AlbertSolo2
AlbertSolo2,AlbertSolo2
detikfinance,deesilaisila
detikfinance,riskiidap
detikfinance,Williamild
detikfinance,Williamild
detikfinance,erjwrandap
detikfinance,syafiraAlawiyah
detikcom,finoarifino
detikfinance,deaaadooo
detikfinance,mahbubsha
jpnncom,militanvespa
Bisniscom,militanvespa
kompascom,militanvespa
detikfinance,LeonardusArdus
detikfinance,LeonardusArdus
kompascom,Syah_Almada
kompascom,Syah_Almada
detikfinance,danangpriyanto7
detikfinance,Mumuthia1
detikcom,DestahandraR
linetoday,friozan
detikcom,Indahrss
kompascom,rosa_paung
detikfinance,WJeverson
detikfinance,nastysingle
detikfinance,nastysingle
BigAlphaID,nastysingle
detikfinance,SiAhmadi
detikfinance,SiAhmadi
detikcom,If_malaa0906
linetoday,60far60pay
cnbcindonesia,60far60pay
BigAlphaID,Abangdhia
catuaries,Abangdhia
catuaries,Abangdhia
kompascom,prasnapp
BigAlphaID,kumisritmis
detikfinance,kukluxcats
detikfinance,callmealiaaaa
detikfinance,harishutak
BigAlphaID,harishutak
detikcom,harishutak
detikcom,mfachrip_
BigAlphaID,ostriandoni
adriansyahyasin,bubleteah
detikfinance,santo91192
collegemenfess,P_Suanda
detikfinance,onyeongpa
detikfinance,mochsyarifain
kompascom,IbswTeam
detikfinance,IbswTeam
KontanNews,IbswTeam
detikfinance,leomatangkin
detikfinance,p39327932
detikcom,ErwinPsiSby
detikcom,FionaSusanty
detikcom,mizansullivan
detikcom,Keyrifaldy
cnbcindonesia,UltramenMuda
detikcom,dhilots
detikfinance,fadli_tamam
detikfinance,fadli_tamam
detikcom,asyabalnurz
kumparan,sifulan_jr
CNNIndonesia,sifulan_jr
Junimonggg,baebaekkaret
detikfinance,bangsatriop
detikfinance,Azlinazet
detikcom,h3nd4r
detikcom,h3nd4r
BigAlphaID,zakiahrosh
detikfinance,TheoAkwila
detikfinance,endlessrania
detikfinance,octavo00
detikfinance,krupukblack
kompascom,okkyoctora_
kumparan,wibowe
detikfinance,putra8823453846
detikfinance,panitiakonser
detikfinance,yuanggahari
adriansyahyasin,wal_lie
detikcom,StKasim
detikcom,edhoaffandy
detikcom,regita_bayu
detikfinance,regita_bayu
detikfinance,AidilAKBAR
detikfinance,AidilAKBAR
detikfinance,AidilAKBAR
BigAlphaID,Storyellena23
detikfinance,Dhani_bunshin
detikcom,Anhenodia
KontanNews,AdrianPramudito
BigAlphaID,clumsynessa
detikfinance,asaipsari
KontanNews,eddyjoni
detikfinance,darahpanass
detikfinance,ainul_inong
detikfinance,JakartaBiznis
detikfinance,mughnigofur7_
detikcom,mughnigofur7_
cnbcindonesia,LikParjo
detikfinance,AyuLest25497073
catuaries,graf_jazman
detikfinance,farabi_ibrahim
yulhar13959,Dedy_313
detikfinance,esup_parman
JVLEHA,owlemonade
detikfinance,Andaru__9
catuaries,Oejax
detikfinance,maruliyusuf
cnbcindonesia,KavindraOemar
cnbcindonesia,KavindraOemar
detikfinance,heyjulsky
detikfinance,kata_DIDIN
cnbcindonesia,RepKertanegara
cnbcindonesia,RepKertanegara
detikfinance,Herrreza
cnbcindonesia,Herrreza
detikfinance,Herrreza
detikfinance,Herrreza
cnbcindonesia,Herrreza
detikfinance,Herrreza
detikcom,rinaemiliaa
detikfinance,0718mia_
detikfinance,0718mia_
detikfinance,0718mia_
detikfinance,0718mia_
detikfinance,0718mia_
detikfinance,0718mia_
detikfinance,0718mia_
detikfinance,0718mia_
detikfinance,0718mia_
detikfinance,0718mia_
BigAlphaID,ZoneVenomWar
detikfinance,ZoneVenomWar
detikcom,Andy_Wijaya_90
detikfinance,Andy_Wijaya_90
detikfinance,Andy_Wijaya_90
detikfinance,Andy_Wijaya_90
detikfinance,Andy_Wijaya_90
detikfinance,anakbuami
detikfinance,utasrasa
Paulfaffafa,BangOgi93
BigAlphaID,Irfan_awl
adriansyahyasin,AnindraPrt
adriansyahyasin,mas_ochi6
detikcom,ukhentut
adriansyahyasin,faizzakharia_
JVLEHA,faizzakharia_
adriansyahyasin,TheBookIRead2
detikfinance,TheBookIRead2
detikfinance,TheBookIRead2
BigAlphaID,TheBookIRead2
adriansyahyasin,JVLEHA
cnbcindonesia,BahrunKarim
detikfinance,Nafis_Ahmad97
detikfinance,Nafis_Ahmad97
detikfinance,aaufaathalla
detikfinance,NoviaRahmadanti
yulhar13959,AtapMiring
BigAlphaID,kdedysutrawan
detikcom,wwngunawan09
detikfinance,aditya_suharman
kompascom,_aarman
detikfinance,fel_drey
detikfinance,mrmdhxx
detikfinance,van_toft
BigAlphaID,van_toft
kumparan,mirzalovely
detikfinance,shafahadid1
detikcom,aingkumahaa
teofillin,koetilangdarat
catuaries,_wisnu
BigAlphaID,_wisnu
detikfinance,ZYN_199
detikcom,hayuvandy
kumparan,putriLatcnsna
meongjar,nurulshanti
BigAlphaID,tezarnet
detikcom,anssptra
detikcom,anssptra
detikfinance,eduardorenardi
detikcom,rzlmhdiii
kumparan,fighter0507
detikfinance,Ynwid
detikcom,GerhanaGW
BigAlphaID,bapaksayabudi
detikcom,bapaksayabudi
BigAlphaID,andikaPAP
detikcom,andikaPAP
cnbcindonesia,prasetycio
detikcom,terasiq
BigAlphaID,Bagusbpp
detikcom,AmaroSobri
kompascom,dwihadyaj
detikcom,Suketchiihara
detikcom,asrigp
catuaries,jodi_wirawan
detikfinance,radiomercury96
detikfinance,IcalEdison
detikfinance,riskaprameswari
kondekturbus_,iantrucker
BigAlphaID,dijeaynd
catuaries,AlvaroDeBazan2
catuaries,av3cmoi
catuaries,danaedeanedo
BigAlphaID,danaedeanedo
jpnncom,matkoplak77
detikfinance,maskermaskeren
kompascom,mimiweeka
Genpi_Co,IDNow_Era
zoelfick,ElJibril4
mediaindonesia,redywanjames
kompascom,ftmhzaharaa
kompascom,wandidaw
kompascom,nandarsoewanto
BigAlphaID,agawdnata
BigAlphaID,Liina_Afifah
detikcom,bellaangln
centongsakti,LNyawn
olimin11,LNyawn
hanabilqisthi,LNyawn
1EdiD,LNyawn
detikcom,LNyawn
johanita_sam_,LNyawn
IkhsanModjo,LNyawn
dany_mee03,LNyawn
sisiti_hanisah2,LNyawn
PolitikToday,LNyawn
lhudya_pungk175,LNyawn
IYE_Indonesia,LNyawn
RandaSukirna,LNyawn
dayattuloh6,LNyawn
khoesain,LNyawn
S0N_2000,LNyawn
WahidBowo,LNyawn
Aviinoo,LNyawn
awemany,LNyawn
kompascom,Aim_Xroad
BigAlphaID,qwertydays
zoelfick,Khoohharr
kompascom,darwis_alim
SilumanRi,rendroko
detikcom,buluket05562148
kompascom,buluket05562148
jowangshin,ndaru_wardani
CNNIndonesia,bambang_hesti
CNNIndonesia,Hk68686983
detikcom,imwahyuaji
detikcom,harisktr
kompascom,DJTP070704
detikcom,Kvnskmaa
kompascom,reni_triasari
BigAlphaID,gindoduri
kompascom,YanniPramono
kompascom,gustavrizal
BigAlphaID,mirarypingkan
kompascom,s_fadjriyani
BigAlphaID,nelsonnfernando
Predator___id,WajahPribumi___
GamaelBen,NannyAlexendry
Predator___id,NannyAlexendry
kompascom,em_suber
Predator___id,aprekzoe
kompascom,mayanir05
BigAlphaID,Asaddullah10
zoelfick,fadholaa
AchsanulQosasi,AbolichdZ
detikcom,faradisa_putri
kompascom,typingmulu
AchsanulQosasi,GibranMedia
kompascom,GibranMedia
kompascom,demansyah_
jowangshin,gusary
AchsanulQosasi,PradityaBeni
kompascom,devnhas
detikcom,ritaariskasari
BigAlphaID,icebeaaaarrrr
CNNIndonesia,LapakJersey90
SilumanRi,Nduk_Ria9
detikcom,wiwinrejola
BigAlphaID,whatwouldaindo
BigAlphaID,saripmanfr
BigAlphaID,wahyurestu7
detikcom,NurKasyifa
cnbcindonesia,enggi_engineer
kondekturbus_,liezmecom
BigAlphaID,nikahajalah
BigAlphaID,fdnraaa
BigAlphaID,Serbetwarteg__
detikcom,gabriellmpink
jowangshin,anggithidayah
detikcom,johan_teruna
detikcom,Nuraji19am
galamedianews,PrmnSetia
_Wiwis_Mbecak,noligarki
AchsanulQosasi,Bung_CengKho
detikcom,dododominggus
BigAlphaID,christiantt_
detikcom,bragasasp
detikcom,bragasasp
cnbcindonesia,Alzib1885
jowangshin,Suldarmawan
cnbcindonesia,Suldarmawan
CNNIndonesia,sevtia_pianus
detikcom,ellenmahdalena
jowangshin,DeningCarlo
detikcom,mawar578
BigAlphaID,Hanqert
detikcom,Ak4599828110
CNNIndonesia,vnzyrtx
detikcom,firda_thaher
BigAlphaID,Korra_Vai
BigAlphaID,gwyntheophillia
Predator___id,DiniHrdianti
detikcom,fitriaperdanaa
detikcom,fitriaperdanaa
BigAlphaID,hudayaptrtm
detikfinance,FathinHamdala
detikcom,ZidanSyafii
detikcom,bibithitam
detikcom,DeanWahyu80
detikcom,maswahyu_
detikcom,maswahyu_
detikcom,cakeppps
BigAlphaID,danangkukuh_
BigAlphaID,yofasugara
BigAlphaID,rizkyamanda21
detikcom,nuellslleep
BigAlphaID,diniasfia
detikcom,1000sunset
CNNIndonesia,g4m4r333
BigAlphaID,_dimaspmgks
BigAlphaID,Frentika_
BigAlphaID,orangbiasabgtt
BigAlphaID,ntmrrsn
Naolivia__,nasai_yayan
detikcom,BBurhanudin77
BigAlphaID,haiTamaaaaaa
detikfinance,liliterbang
SilumanRi,roon3651
runturambi_w,roon3651
detikcom,yuliahenny
detikcom,AnandaIlyasaMT
BigAlphaID,ikik_uwais
BigAlphaID,jesoooy_k
detikcom,robbieesetiawan
Naolivia__,Rusly__08
detikcom,deskahshsbbdbs
detikcom,hendraarshavin
detikcom,rofiawidya
detikcom,FandhyAria
detikcom,FandhyAria
BigAlphaID,rizkygmahdi
detikcom,ikrarhamzah
SilumanRi,AdinaArjun
CNNIndonesia,AdinaArjun
Predator___id,Spider_id
BigAlphaID,anandasora67
BigAlphaID,muhkajee
BigAlphaID,mridhonie
SilumanRi,Escobar50649240
detikcom,bestviewever
BigAlphaID,bagasgana
Predator___id,dewi_darmawati
detikcom,ardi_ann
Predator___id,MAlexandriet
Predator___id,devi_d2
detikcom,UmarAliChan
BigAlphaID,miegorengpagi
detikcom,saya_marissa
detikcom,24Acoustic
detikcom,Gilang_kadut
detikcom,cimolchantik
detikcom,FadliNJ
detikcom,selembung
detikcom,rainmans2897
Predator___id,Paulus_willy
detikcom,putera_parako12
BigAlphaID,ilhamm_akbar
detikcom,eko_prasw
Predator___id,BiLLRaY2019
detikcom,Zee_Saputra91
BigAlphaID,milkadena
BigAlphaID,RidhoFerdians14
Predator___id,joseph__99
Predator___id,__SintaElvhee2_
detikcom,sanjunisme_
BigAlphaID,glmybstrd
BigAlphaID,investorgabut
detikcom,ninimahrus25
detikcom,NurhikmahIshak
detikcom,wildansant
detikcom,IbnuFuad12
detikfinance,ArahmanTeuku
detikcom,munfarikhaaas
detikcom,pratamannas
detikcom,alvintii
detikcom,Zahria02447037
detikcom,Jimmyfarizi
detikcom,hzlntmcht
detikcom,gigglygoogiee
detikcom,iqiff
detikcom,JimmyOwam
BigAlphaID,wibowodwicahyo
detikcom,marchyoongi
detikcom,trickymindful
detikcom,meow_leader
BigAlphaID,meow_leader
detikcom,Bintankkuleo
BigAlphaID,lukas_WNS
detikcom,krstoarnld
detikcom,dheeya05
detikcom,mxrozaq
detikcom,EkaYudhaPrsty_
kompascom,dordinhoo_
detikcom,indrajam
detikcom,bhismaaa10
detikcom,opax_chelsea
detikcom,det_detha
detikcom,Prastinho10
detikcom,GalihSeptadi
BigAlphaID,zerou1231
detikcom,brahmayp
detikcom,didi_405
detikfinance,uusmayantivivi
BigAlphaID,uusmayantivivi
Naolivia__,Bagas36406270
runturambi_w,Bagas36406270
detikfinance,IndahTabita1
BigAlphaID,an_paw
BigAlphaID,masyitokrifei
detikcom,RMSGRT
BigAlphaID,mmeegga
detikcom,Nurizal
detikcom,ElmaMilen21
detikcom,MArizkika
kompascom,soter_manalu
BigAlphaID,schmckt
detikcom,NaelPutrism
BigAlphaID,mbuhramikir
detikcom,mbuhramikir
detikcom,AwalFans
BigAlphaID,IvhanAgasyah
cagubnyinyir2,abdul_charim
detikcom,RyanBakkaru
detikcom,RyanBakkaru
BigAlphaID,yunittsr
detikcom,AriMurt22141453
detikcom,dheawe_
detikcom,SenaAryananda
SilumanRi,Rianti_9
BigAlphaID,adamts10
detikcom,VolsonH
BigAlphaID,stwodying
detikcom,MhdRachwi_RTG
detikcom,MhdRachwi_RTG
kompascom,eben_heizer
BigAlphaID,ivanvhan
detikcom,Rahmad17915979
detikcom,tebakcobasiape
kompascom,trioktavianto97
BigAlphaID,erinaundmynti
kompascom,sejak_1988
detikfinance,sejak_1988
detikfinance,sejak_1988
kompascom,paulfredinan
detikcom,nandafitsu
kompascom,chrischandrast
CNNIndonesia,kutarajapost
cnbcindonesia,kutarajapost
cnbcindonesia,kutarajapost
BigAlphaID,maulanafirky
detikfinance,ady_cahyadi
BigAlphaID,oktikurniaa
BigAlphaID,dhani_saputraa
detikcom,irvan__rizky
detikcom,Bayyekkk
BigAlphaID,Crisnaevan
KurioID,nazieb
SilumanRi,Widiyantos10_
BigAlphaID,xxcrayonthat
BigAlphaID,galuhsekarini
runturambi_w,zal_4d3k
AchsanulQosasi,zal_4d3k
BigAlphaID,skarashs
BigAlphaID,catroonnetwork
detikcom,Irfanradityo21
detikcom,afriiana
AchsanulQosasi,assultanalfatih
cagubnyinyir2,GoldenrulesJong
AchsanulQosasi,ricobach777
BigAlphaID,ellisaliyu
BigAlphaID,chocovple
BigAlphaID,xoxobgs
BigAlphaID,Fbungastynt
detikcom,WiratamaJody
SilumanRi,Cr07fans1
AchsanulQosasi,eckofuji
runturambi_w,eckofuji
SilumanRi,cassanov2
CNNIndonesia,Pemersatubngs
SilumanRi,Zerolelouch3
BigAlphaID,dhikawama
BigAlphaID,taksefajarnya
BigAlphaID,regitaans
AchsanulQosasi,TaufiqFuadi
detikfinance,RudiHar90664727
SilumanRi,Taryn165
detikcom,ekaputra_reza
CNNIndonesia,ekaputra_reza
detikfinance,tinbos
SilumanRi,Slash074
AchsanulQosasi,iwanpiliang7
detikcom,hallo_meng95
BigAlphaID,marindaindayani
detikcom,ikbal_yulianto1
_Wiwis_Mbecak,AlwaysB_mine
detikcom,fatikaaa___
AchsanulQosasi,Febyval22
CNNIndonesia,Febyval22
detikcom,Mexisyafridha1
BigAlphaID,trytolearnnn
BigAlphaID,indiraweasley
detikcom,pratamasupriya1
detikcom,andretwit_
detikcom,dimasserlanggaa
BigAlphaID,farhanffa
BigAlphaID,sarahnadya95
detikcom,aregita33
BigAlphaID,TitiSurya
dunovpr,fornixdreambox
BigAlphaID,edgarrendhitya
BigAlphaID,Realsandistd
BigAlphaID,rahmanep
BigAlphaID,dzikirsm
SilumanRi,aadd_dk
BigAlphaID,viani___
detikfinance,festiistar
SilumanRi,dedihermanto813
detikfinance,adriynd
BigAlphaID,rumaisasha
_Wiwis_Mbecak,Coffee_K83
Naolivia__,hendryx691
BigAlphaID,Ochanih
BigAlphaID,fohmii
BigAlphaID,faneanda
runturambi_w,muharib89571843
BigAlphaID,ZTriawan
BigAlphaID,indahndahayu
CNNIndonesia,ysfmuhammad25
Puthutea,MasihRian
BigAlphaID,danaramzaf
cnbcindonesia,Ch4nd_M
cnbcindonesia,Ch4nd_M
BigAlphaID,prasojohn
BigAlphaID,briliardo_gsb
BigAlphaID,uiiu88
mojokdotco,yannyamnyam
BigAlphaID,rizqibennington
cagubnyinyir2,kusumovina
BigAlphaID,metalillness_
BigAlphaID,phnnnxx
BigAlphaID,soniadesmann
demokrasicoid,gentanggentong2
BigAlphaID,nremons
CNNIndonesia,bgoodjonii
realAbikaTrader,Generasi_2000
Danstauber2,AlisTeballs
CNNIndonesia,MataReat
BigAlphaID,taufiqaf
BigAlphaID,NurulDewiyana
BigAlphaID,dioxlaide
BigAlphaID,gbga__
idtodayco,juhdi_m
BigAlphaID,Fakkihfakkih
BigAlphaID,nukenaf
CNNIndonesia,manusiasurabaya
BigAlphaID,juruspamungkas
BigAlphaID,hanafauziah
BigAlphaID,dwiarryani
BigAlphaID,dearmyk0203
BigAlphaID,dcahyop
BigAlphaID,fiankidd
BigAlphaID,Graciana_Putri
BigAlphaID,viokm
BigAlphaID,annisanuno
BigAlphaID,GrahaRaya_
BigAlphaID,mrd_marcia
BigAlphaID,rifanfahrian
BigAlphaID,ikipediaa
BigAlphaID,yunindayunus
BigAlphaID,Bgsgng
BigAlphaID,Geraamanda
demokrasicoid,Rila_IsnainMala
BigAlphaID,mrbhsr
Danstauber2,mrbhsr
_Wiwis_Mbecak,h4n4h4md
BigAlphaID,MuhammadRifqi32
BigAlphaID,babiasin98
BigAlphaID,Levv_i
BigAlphaID,Arisprasetyo98
idtodayco,leontinus26
BigAlphaID,gwsrsti
BigAlphaID,AdisuryaSetiaSH
BigAlphaID,EzzyKenzaki
Danstauber2,EzzyKenzaki
BigAlphaID,jelitains
BigAlphaID,putmung
cnbcindonesia,htrzkndn
CNNIndonesia,htrzkndn
BigAlphaID,ulinmn
BigAlphaID,fkhrznr
Harian_Jogja,FebryAlfatih
BigAlphaID,irnabonbon
BigAlphaID,KerbauCokelat
BigAlphaID,FarhadNajib_
BigAlphaID,Ya_Agnes
BigAlphaID,kijuul
cagubnyinyir2,Bnie18
BigAlphaID,rifkimiftahh
BigAlphaID,munifuliqbal25
BigAlphaID,x631fyou
BigAlphaID,farahnugraheni
BigAlphaID,mengancham
_Wiwis_Mbecak,EdisonSihombi15
BigAlphaID,muhaaafif
runturambi_w,Faylasalle2
demokrasicoid,Faylasalle2
idtodayco,Faylasalle2
Bisniscom,randomwisdomID
cnbcindonesia,arahim_les
Danstauber2,__muhfajar
BigAlphaID,alathifghafur
galamedianews,kang_karung
_Wiwis_Mbecak,Sulisti14281557
BigAlphaID,alif_rd1
BigAlphaID,syhrniahmd
BigAlphaID,diduseemybrain
CNNIndonesia,candrapasoepati
Bisniscom,Gus_Arifin
BigAlphaID,yuvilia_cwati
BigAlphaID,rbysanjaya
BigAlphaID,AMagfirani
BigAlphaID,intaanp
BigAlphaID,Sabilubil
CNNIndonesia,FachruRezky
BigAlphaID,nanasnyapakeZ
BigAlphaID,KodokBankkong
BigAlphaID,selamatan_
BigAlphaID,iamxunqi
BigAlphaID,duddurru
BigAlphaID,ranastaky
BigAlphaID,oqtax
BigAlphaID,pramesthya_
BigAlphaID,twitannick
BigAlphaID,azisjunior
BigAlphaID,Nissa119_
BigAlphaID,widayantitin
CNNIndonesia,masmoe_adi
cnbcindonesia,riswandaimawan8
BigAlphaID,riswandaimawan8
BigAlphaID,muktitrio_
BigAlphaID,Lisvvan
BigAlphaID,rachelldk_
BigAlphaID,mualimnoer
CNNIndonesia,albert40382
BigAlphaID,lahirsore
BigAlphaID,seribusegiga
BigAlphaID,rahmasardiing
BigAlphaID,ririprtw
CNNIndonesia,AndiKukuh3
BigAlphaID,cicakuaci
BigAlphaID,yourfavesnacks
BigAlphaID,eRfhanesia
BigAlphaID,shalahuddinn
BigAlphaID,Layung_surya
BigAlphaID,azulfik
cnbcindonesia,alanesia
cnbcindonesia,stevin_T
cnbcindonesia,stevin_T
CNNIndonesia,ray_slamet
BigAlphaID,vinnyfianicaa
BigAlphaID,KhalidFaruq24
CNNIndonesia,belau_antu
BigAlphaID,anugrahsatriabs
CNNIndonesia,pbb_kaltim
BigAlphaID,quthoytho
CNNIndonesia,ryokakaryo
CNNIndonesia,gegiringrawan89
BigAlphaID,Adeal___
BigAlphaID,YahyaSahlan
BigAlphaID,astridamaliaHP
S0N_2000,maulidafrizka
CNNIndonesia,clinteastwoot
CNNIndonesia,hendry_MHC
S0N_2000,S0N_2000
CNNIndonesia,InesPutri10
BigAlphaID,erlinahabibi
BigAlphaID,NKRIjayalah
BigAlphaID,txtfromgals
BigAlphaID,Terrong_OSD
CNNIndonesia,SingaIbuKota
CNNIndonesia,phounyx
CNNIndonesia,ariyantoadi27
CNNIndonesia,tanpabotol
CNNIndonesia,AgsmnWahyudi
BigAlphaID,zefanifila
BigAlphaID,krisnafadhila
BigAlphaID,rezagatot
BigAlphaID,somewayys
CNNIndonesia,sanjaya_gung
CNNIndonesia,rezarivaldi3
BigAlphaID,djitowinataa
CNNIndonesia,DimasGP2
BigAlphaID,srejeki27
CNNIndonesia,AgungNugraha03
CNNIndonesia,onewidyaa
CNNIndonesia,femanissaa
CNNIndonesia,DamarhudaIdelle
CNNIndonesia,JayaNasih
CNNIndonesia,mfikrialmagribi
BigAlphaID,adha_marisa
BigAlphaID,npsansant
BigAlphaID,zellallez
BigAlphaID,Aseppurwaa
BigAlphaID,argadika
BigAlphaID,chatelfxx
BigAlphaID,peverparker
BigAlphaID,emyu_fans
BigAlphaID,deny_padma
BigAlphaID,octavianadias
BigAlphaID,whttowrt
BigAlphaID,windyiputrii
BigAlphaID,sara_nad0310
BigAlphaID,hi_kryst
BigAlphaID,Adisetiawan051
BigAlphaID,asapthos
BigAlphaID,rizalinamega
BigAlphaID,imamathayaaa
BigAlphaID,yaelahlekk
BigAlphaID,curedblossom
BigAlphaID,pirman02
BigAlphaID,ysneezesk
BigAlphaID,afitafr
BigAlphaID,thunderminator
BigAlphaID,Stunninggurlll
BigAlphaID,Satrianuu
BigAlphaID,irdeemw
BigAlphaID,abcdevita_
BigAlphaID,widyaningsaa
BigAlphaID,andrieusi
BigAlphaID,afikris
BigAlphaID,muhammadfikriim
BigAlphaID,giofian
BigAlphaID,rizkirmdhon
BigAlphaID,Radityaiqbal
BigAlphaID,nindy_maharani
BigAlphaID,Jamelahsa
BigAlphaID,nataliakirana
BigAlphaID,FikiTriple_F
BigAlphaID,agustinusamson
BigAlphaID,anggrainids5
BigAlphaID,tikeyuliana
BigAlphaID,innakaromatika
BigAlphaID,Cinderhellaaw
BigAlphaID,fiqraaaa
BigAlphaID,arikwj_
BigAlphaID,viscamel__
BigAlphaID,arielehsanr
BigAlphaID,promecarus
BigAlphaID,AgusRihando
BigAlphaID,belahanjiwaMoe
BigAlphaID,tyfcipher
BigAlphaID,sahhila2
BigAlphaID,josareo
BigAlphaID,hartatahtapizza
BigAlphaID,LAHLISAA
BigAlphaID,akmaall
Danstauber2,raniuy
BigAlphaID,athawa
BigAlphaID,rvluth
BigAlphaID,virveran
BigAlphaID,afardf
BigAlphaID,Bhahariii
BigAlphaID,cnchilla
BigAlphaID,tisubasah_
BigAlphaID,foetaki
runturambi_w,omar2000nur
BigAlphaID,Fraudio09
cnbcindonesia,Gandawan
_Wiwis_Mbecak,YongL4dy
BigAlphaID,managerebenejer
BigAlphaID,willyframadhan
BigAlphaID,ririLF
BigAlphaID,epppaa
BigAlphaID,winata46
_Wiwis_Mbecak,HDouboegiez
BigAlphaID,tempat_ngeluh
BigAlphaID,kalyanakretya
BigAlphaID,mar_lind
runturambi_w,68Afz
BigAlphaID,salmanalbar22
BigAlphaID,yosilvermist
BigAlphaID,Sumeryandi
BigAlphaID,Chndraperdana
BigAlphaID,JatiErlangga176
cnbcindonesia,MRachmat_
BigAlphaID,icykids
runturambi_w,Anak_Garundang7
BigAlphaID,albinandeo
BigAlphaID,prstyoo_
BigAlphaID,darkerephemeral
BigAlphaID,iqbalnaga_
BigAlphaID,insntm
BigAlphaID,cuttaniaa
BigAlphaID,farissbari
BigAlphaID,RiadlinRafif
runturambi_w,AdeCand65866045
BigAlphaID,yogi_triyadi
BigAlphaID,imaedesu
BigAlphaID,dwhyn12
runturambi_w,aLyBenzema17
BigAlphaID,annisadr__
BigAlphaID,aprilisiaa
BigAlphaID,PutriBejo
BigAlphaID,imTriani
BigAlphaID,L333SS
BigAlphaID,ariandra_tan
BigAlphaID,dionsptrlew
BigAlphaID,Naufalanri
BigAlphaID,ravlialdy
BigAlphaID,Anzarmdhn
BigAlphaID,irenetheresia96
BigAlphaID,IhsanRizki_48
runturambi_w,BintangTimur27
BigAlphaID,ekosetyawan1976
BigAlphaID,Dhitajonsh
runturambi_w,aksialfatih
BigAlphaID,edithderya
BigAlphaID,dinnasetya
BigAlphaID,Alifzulfiandi
BigAlphaID,nufadista
BigAlphaID,wulbi_
BigAlphaID,balqissandra_
BigAlphaID,JordieYonatan
BigAlphaID,meiliawtaniska
BigAlphaID,Sarrah_Mey
BigAlphaID,darmasendok
BigAlphaID,aldyan4fs
BigAlphaID,DoARisk
BigAlphaID,erickokho
BigAlphaID,ub41d
BigAlphaID,oneandonly_rose
BigAlphaID,aqibmalikkk
runturambi_w,mpah_ayank
BigAlphaID,AhmadRizkyM
BigAlphaID,aris_ps19
BigAlphaID,windy_asri
BigAlphaID,khosa_fhm
BigAlphaID,Meiracle9
BigAlphaID,agussetiafani
BigAlphaID,k_hans69
BigAlphaID,itsokaywae
BigAlphaID,tissuesihir
BigAlphaID,suryatama__
BigAlphaID,widiaprilla
BigAlphaID,dispssins
BigAlphaID,langkahkhafier
BigAlphaID,kueueenak
realAbikaTrader,trinugroho162
BigAlphaID,arcxna
BigAlphaID,Asabiqulhimam
BigAlphaID,rejakdwiii
BigAlphaID,maksimilianus_
BigAlphaID,isdesserts
BigAlphaID,ArifPradanaW
BigAlphaID,Chiloyu
BigAlphaID,caffeineyg
BigAlphaID,RidhanHaskara
BigAlphaID,randcavalera
BigAlphaID,ngwiendgak
BigAlphaID,malaaahayati
BigAlphaID,dtyuars
BigAlphaID,Ibnumajahh
BigAlphaID,ramadhannDP
BigAlphaID,9Fu0o
BigAlphaID,sugarhighgirl
BigAlphaID,HanifAhdan
BigAlphaID,Enggar_to
BigAlphaID,Hey_Owob
BigAlphaID,lmledaf
BigAlphaID,LutfiWg
BigAlphaID,meirnyeh
BigAlphaID,acicapu
BigAlphaID,ephita
BigAlphaID,tunggul
BigAlphaID,LecelPele
BigAlphaID,dianadiadiaa
BigAlphaID,nopelsiheb
BigAlphaID,Answer89721
BigAlphaID,ursantaclauz
BigAlphaID,wbfaisal_
BigAlphaID,selenagemeyy
BigAlphaID,chadtucket16
BigAlphaID,meldadidu
BigAlphaID,Novitapsari
BigAlphaID,nuel_monggesang
BigAlphaID,GirlllBoss
BigAlphaID,ardillasftr
BigAlphaID,ZZAIZZA
BigAlphaID,ellylistyo
BigAlphaID,mrsochaaa
BigAlphaID,daniasepta
BigAlphaID,Mr_Rofer
BigAlphaID,konstantfear
BigAlphaID,eganburg
BigAlphaID,happyteruss
BigAlphaID,bagazy
BigAlphaID,Bsinvtrya
BigAlphaID,elija___
BigAlphaID,mbachtiarr_
BigAlphaID,AndriawanFaizal
BigAlphaID,PutuYoga8
BigAlphaID,Danangpratm
BigAlphaID,ab645an
BigAlphaID,cheewcat
BigAlphaID,awindiarta
BigAlphaID,aquwaaa
BigAlphaID,aanazief
BigAlphaID,aphroditegurls
BigAlphaID,Yourdaydream_
BigAlphaID,mcflurrycendol
BigAlphaID,syarasy
BigAlphaID,rskieswk
BigAlphaID,putradwitir
BigAlphaID,DwiPutroErianto
BigAlphaID,Prawiramayerr
BigAlphaID,ninaafk
BigAlphaID,erlsat
BigAlphaID,edwinsaputra15
BigAlphaID,vellarahmania
BigAlphaID,sympheoni
BigAlphaID,budakskinker
BigAlphaID,gitagitch
BigAlphaID,lintangprash
BigAlphaID,Maralintu
BigAlphaID,yugoghani
BigAlphaID,brillydzakky
BigAlphaID,yaya7276x
BigAlphaID,dimasstp
BigAlphaID,chickbunny_me
BigAlphaID,_dedeew
BigAlphaID,jhnynkp
BigAlphaID,khrniii
BigAlphaID,bapkeju
BigAlphaID,baexyyy
BigAlphaID,putciputricia
BigAlphaID,3rdAnto
BigAlphaID,BimoAgung_
BigAlphaID,hndyadtya
BigAlphaID,HhsIrish
BigAlphaID,telormatengg
BigAlphaID,aswin_hakim
BigAlphaID,calonmantenn
BigAlphaID,wondermiaa
BigAlphaID,aznw9
BigAlphaID,mi__ne___
BigAlphaID,rezarebor
BigAlphaID,farhanf14
BigAlphaID,harmita_
BigAlphaID,fIoweu
BigAlphaID,raviehsb
runturambi_w,LawanTirany
BigAlphaID,sabiell
BigAlphaID,kindafunnyxx
BigAlphaID,sorayahf
BigAlphaID,rikakumala
BigAlphaID,mimikur_
BigAlphaID,maxii_little
BigAlphaID,azzurafarh
BigAlphaID,nidyafadhilah1
BigAlphaID,de2via
BigAlphaID,oktrivdany
BigAlphaID,erwinnnfsyh
WahidBowo,Njmjn
BigAlphaID,Njmjn
BigAlphaID,Dhaneswrr
BigAlphaID,KadalArisan
BigAlphaID,DitoSuryaAR
BigAlphaID,Christocrat_
BigAlphaID,rejaapratama
BigAlphaID,dahliu
BigAlphaID,WildanALghfr
BigAlphaID,bluebaeery
BigAlphaID,oreostoboruboru
BigAlphaID,felinoire
BigAlphaID,bucinkpop
BigAlphaID,pratiko09
BigAlphaID,faridauliar
BigAlphaID,NrlFzia
BigAlphaID,klarfess
BigAlphaID,iqbalkurniawaan
BigAlphaID,zhabaddy
runturambi_w,sutara86031515
BigAlphaID,KelinciPaskah
BigAlphaID,andhikariva
BigAlphaID,mancungmaniac
BigAlphaID,Frdana7
BigAlphaID,mochamadreyhan
BigAlphaID,therealites
BigAlphaID,cetaphiler
BigAlphaID,Serendeepidy
BigAlphaID,firstcilia
BigAlphaID,ramarsha
BigAlphaID,kinderrjay
BigAlphaID,dinnkart
BigAlphaID,DinarAuliaZ
BigAlphaID,how2lvmyself1st
BigAlphaID,_mpitt20
BigAlphaID,pinkyellouw
BigAlphaID,SatriaPierce
BigAlphaID,biniradio
BigAlphaID,helisaal
BigAlphaID,yudda_hudda
BigAlphaID,dewiimartinaa
BigAlphaID,inhnx
BigAlphaID,Mhrs_Fahmi
BigAlphaID,sourbittercake
BigAlphaID,tariszulhilmi
BigAlphaID,harsyaluthfi
BigAlphaID,nunussh
BigAlphaID,rmdhnerry
BigAlphaID,cicingdiimahnya
BigAlphaID,destrinep
BigAlphaID,akupezi
BigAlphaID,emile_AsShiba
BigAlphaID,lathifkumoro
BigAlphaID,rahmapalupii
BigAlphaID,n0thumanbeing
BigAlphaID,FaizalHdayat
BigAlphaID,saidfikra
BigAlphaID,dina_sour
BigAlphaID,citrablla
BigAlphaID,niaaaniooo96
BigAlphaID,ilmazidnaWTC
BigAlphaID,moontwinnie
BigAlphaID,didinfa_
BigAlphaID,_wWIraa
BigAlphaID,fntllk
BigAlphaID,jancooookkkkk
BigAlphaID,flyfluffy
BigAlphaID,PuputLadjamaa
BigAlphaID,hazizaanifa
BigAlphaID,AngelCristha
BigAlphaID,handi_hambow
runturambi_w,toranaga3000
BigAlphaID,albert_kristian
BigAlphaID,tuktucky
BigAlphaID,Edo_baidhowi
BigAlphaID,IpinKaramel
runturambi_w,bangridho46
BigAlphaID,Donny_Beiskom
BigAlphaID,amengvp
BigAlphaID,budaksempurna
BigAlphaID,devinatsyn
BigAlphaID,nadyasalmas
BigAlphaID,Mulianur_Toana
BigAlphaID,ainunnazarr
BigAlphaID,ITSAREUMY
BigAlphaID,iluminaji
BigAlphaID,dedablyuai
BigAlphaID,RahmithaFA
BigAlphaID,Anjaswisesa_K
BigAlphaID,ericivander
BigAlphaID,alpinjet
BigAlphaID,sslatifm
snydez,nys_tysone39
BigAlphaID,derrygitakresna
BigAlphaID,lalaateletabis
BigAlphaID,Annisa_Puteri38
BigAlphaID,bonar13
BigAlphaID,rmfdimasd
BigAlphaID,rinafavziah
BigAlphaID,quaintrellest
BigAlphaID,thenameisdaw
BigAlphaID,belkglayar
BigAlphaID,anissarismaa
BigAlphaID,as_hhab
BigAlphaID,yugacas
BigAlphaID,Kesultananfjr
BigAlphaID,suburbianfellow
BigAlphaID,sovifarnola
BigAlphaID,pramanadinata_
BigAlphaID,ALSK1996
BigAlphaID,Allafuan
BigAlphaID,rizqaafn
BigAlphaID,musthofa_sy
BigAlphaID,kebondableg
BigAlphaID,ceeyaa__
BigAlphaID,Maaiiiiyy
BigAlphaID,Harrieddd
BigAlphaID,Mikharumi
BigAlphaID,abiyudnswr
BigAlphaID,badriainun
BigAlphaID,dhean_pajapperu
BigAlphaID,gudegnangka
BigAlphaID,aardilles
BigAlphaID,saaatrioo
BigAlphaID,abellee_
BigAlphaID,sssyaay
BigAlphaID,__dickyardiansy
BigAlphaID,wiradarms
BigAlphaID,arlianti_ay
BigAlphaID,cloudslovelyy
BigAlphaID,bellinda09
BigAlphaID,tihmotuihpiah
BigAlphaID,farisrahimulloh
BigAlphaID,oohnein
BigAlphaID,bagoes_eko
BigAlphaID,NovitriMayang24
BigAlphaID,jempolkajepit
BigAlphaID,vanillate_
BigAlphaID,Hanoiiy
BigAlphaID,style1989___
BigAlphaID,younseoltang
BigAlphaID,boytaufiqn
BigAlphaID,ucilalalala
BigAlphaID,sonismonster
BigAlphaID,rizkyarmaann
BigAlphaID,ErsaTriWahyuni
BigAlphaID,aramsaatnis
BigAlphaID,TIKUSPUTIHDEPOK
BigAlphaID,facival
BigAlphaID,revitawidhia
BigAlphaID,namakugugunboh
BigAlphaID,tokopeedia
BigAlphaID,ddamm_
BigAlphaID,ncannotbeblank
BigAlphaID,spicyfirewings
BigAlphaID,Wiarahana
cnbcindonesia,arena51
BigAlphaID,ahmadbhismoyo
Shda_Agatha,wadeziigh
BigAlphaID,lukisaepul
BigAlphaID,luthfieal
BigAlphaID,delkodeeel
BigAlphaID,taerikai
BigAlphaID,rahmatsdimas
BigAlphaID,widiawahyus
BigAlphaID,you_know_who666
BigAlphaID,FunnyGuyYo
BigAlphaID,intrviewtipster
BigAlphaID,adetobing08
BigAlphaID,litavista
BigAlphaID,isthryn
BigAlphaID,sefliane
BigAlphaID,Moonddai
BigAlphaID,FarhanAmadan
BigAlphaID,ottomahendra
BigAlphaID,ErasMilanisti
BigAlphaID,adtkwsuper
BigAlphaID,soleheko_p
BigAlphaID,yulikyuli
BigAlphaID,RaMla_Idris
BigAlphaID,CitraHM_
BigAlphaID,dindasilvianad
BigAlphaID,frdhasya
BigAlphaID,dhittaa
BigAlphaID,satwikasubari
runturambi_w,mr_supiansyah
BigAlphaID,rdnabilahh
BigAlphaID,BL0bby
BigAlphaID,Lilisstyo
BigAlphaID,WardhaniRosalia
BigAlphaID,elinapramasyifa
BigAlphaID,deny_ikhsan
BigAlphaID,yuda_ramadhani
BigAlphaID,YogaMhndar
BigAlphaID,elararhea
BigAlphaID,dohcaaabbb
BigAlphaID,RAmaul_
BigAlphaID,fifaleey
BigAlphaID,nadiamauren
BigAlphaID,hunanafa
BigAlphaID,mininra
BigAlphaID,shivanlurita
BigAlphaID,Brunowicaksono
BigAlphaID,rudgun_
BigAlphaID,FitFeb__
BigAlphaID,Mughny03_
BigAlphaID,merputh
BigAlphaID,CineManiaX
BigAlphaID,YosiasWipraworo
BigAlphaID,Priskakhrsma
BigAlphaID,SalsabilRifqiQ
BigAlphaID,mfadlira9
BigAlphaID,billyaditama
BigAlphaID,habibbob
BigAlphaID,lilium_in_chaos
BigAlphaID,hanaaikhtiarina
BigAlphaID,madeferry
cnbcindonesia,madeferry
BigAlphaID,SebatasNopNop
BigAlphaID,imamkrohman
BigAlphaID,W_I_S_N_
BigAlphaID,RamaDgusta
BigAlphaID,anumberofdays
BigAlphaID,helloctobr
BigAlphaID,Benzky
BigAlphaID,uelule
BigAlphaID,jamesmbonz
BigAlphaID,tajagiguls
BigAlphaID,__Arif___
BigAlphaID,AsepAgunggg
BigAlphaID,dumbledokyungso
BigAlphaID,ahmad_fuadi28
BigAlphaID,SalwaAulia__
BigAlphaID,NRiakmal
BigAlphaID,azizkmpnk
BigAlphaID,Rizky_Fadhilah
BigAlphaID,fauzandr
BigAlphaID,dpgladiola
BigAlphaID,arieeframadhan
BigAlphaID,siiirud
BigAlphaID,argafakihrmdn
BigAlphaID,santihuit
BigAlphaID,krisgrashchinov
BigAlphaID,ayyemccann
BigAlphaID,erlindaputrii
BigAlphaID,dblessedunrest
BigAlphaID,romantama2
BigAlphaID,halabum
BigAlphaID,alwanabdrhmn
BigAlphaID,bung_icang
BigAlphaID,sherlyasaputri
BigAlphaID,rnldynvl
BigAlphaID,aditiyaagsan
BigAlphaID,yennilstrr
BigAlphaID,driiansyah
BigAlphaID,afifilham14
BigAlphaID,irradiationnn
BigAlphaID,bagasinho
BigAlphaID,eevchenko
BigAlphaID,i_cekaaa
BigAlphaID,inux_anugrah
BigAlphaID,rizaarby
BigAlphaID,salfianjanii
BigAlphaID,nikkohrm
BigAlphaID,pimamanggala
BigAlphaID,evaniliaa
BigAlphaID,cenilituratri
BigAlphaID,baiqmms
BigAlphaID,namboruaju
BigAlphaID,alxterego
BigAlphaID,nisconi
BigAlphaID,hellopanii
BigAlphaID,Greenvolt3
BigAlphaID,zakwanrd
BigAlphaID,nastacianovlina
BigAlphaID,TempeMalik
BigAlphaID,spicastarcyg
BigAlphaID,RizkaZakiyatul
BigAlphaID,theRealBondan
BigAlphaID,masyogapb
BigAlphaID,nasiudukbudhe
BigAlphaID,sebastio_gie
BigAlphaID,dilZakky
BigAlphaID,akbrmo
BigAlphaID,notgurlcrush
BigAlphaID,ubaygaling
realAbikaTrader,Kami_BukanRobot
BigAlphaID,brgtpsnd
BigAlphaID,JustOktry
BigAlphaID,AdhityaNgurah
BigAlphaID,Muh_hamzah278
BigAlphaID,tukmaipharahap
BigAlphaID,yesihaerunisa
BigAlphaID,PanjiMsd
BigAlphaID,okkysyn
BigAlphaID,erzaleyva
BigAlphaID,ridhoak00
BigAlphaID,100times_a_day
BigAlphaID,nabilahnurulf
BigAlphaID,jltnndy
BigAlphaID,karllaRP
BigAlphaID,IdhamKFahmi
BigAlphaID,bekicotcupu
BigAlphaID,dhaniwid
BigAlphaID,diajar_pokal
BigAlphaID,ricbate
BigAlphaID,dian04_
BigAlphaID,marvercas
BigAlphaID,drbusanMlg
BigAlphaID,evamaerv
BigAlphaID,Iqbalirfanda
BigAlphaID,kepincutYoongi
BigAlphaID,La_Rayyand
BigAlphaID,WidodoSRagiel
BigAlphaID,pavettshyla
BigAlphaID,hyukbuns
BigAlphaID,SRdhian
BigAlphaID,setyawatiwiwik
runturambi_w,jaya1perkasa
BigAlphaID,ameliafika
BigAlphaID,Dikashirliana
BigAlphaID,Bregaspambudy
BigAlphaID,renggalism
BigAlphaID,monmoneeeeee
BigAlphaID,IhwanCho
BigAlphaID,wlncin
BigAlphaID,yp_narendra
BigAlphaID,ganjarbaguss13
BigAlphaID,HafizYusaryahya
runturambi_w,DevinRmd
realAbikaTrader,DevinRmd
BigAlphaID,Fachri_Oz
BigAlphaID,mosesharazaki
BigAlphaID,yohananingrums
BigAlphaID,aria1711
BigAlphaID,Nazirproletar
BigAlphaID,_bukboss
BigAlphaID,corontoI
BigAlphaID,indahhhpees
BigAlphaID,chzjonas
BigAlphaID,lockstockdeo
BigAlphaID,rerumputan_
BigAlphaID,IqbalTr_
BigAlphaID,cxtiepaww
BigAlphaID,My_key6
BigAlphaID,cannabisxbabe
BigAlphaID,ekabintangnurc2
BigAlphaID,DominggusPetra
BigAlphaID,dhiyaul_luthfi
BigAlphaID,dianto_rusdian
BigAlphaID,trianlesmana19
BigAlphaID,bangakaaa
BigAlphaID,chorifai
BigAlphaID,noobastic
BigAlphaID,nnnnnnahbro
BigAlphaID,Fxwwas
BigAlphaID,elfradoRio
BigAlphaID,tuteh_
BigAlphaID,bramandyanto
BigAlphaID,tegarpamungkass
BigAlphaID,Erol_Gtm
BigAlphaID,biwis14
BigAlphaID,qronoz
BigAlphaID,waduhdaw
BigAlphaID,sptywn
BigAlphaID,anugrahnomaka
BigAlphaID,rizkyts
BigAlphaID,Angopiq_
BigAlphaID,christianardita
BigAlphaID,koqumi
BigAlphaID,sepelepaker
BigAlphaID,sedang_layu
BigAlphaID,bintangisa
BigAlphaID,ReanitaP
BigAlphaID,DH14_
BigAlphaID,iklumalas
BigAlphaID,04_adisetiawan_
BigAlphaID,bagasbala
BigAlphaID,ilhamprats
BigAlphaID,agusetia_
BigAlphaID,ianbrillian_
BigAlphaID,Dongmanis
cnbcindonesia,bukanbuzzerRp
BigAlphaID,Ilham_boedi77
BigAlphaID,saya_manusiaaaa
BigAlphaID,_billalexander_
BigAlphaID,Awalea_
BigAlphaID,redasebentar
BigAlphaID,gitanieyoung
BigAlphaID,FauziahDwi_
BigAlphaID,Diptangger
BigAlphaID,ak_umaa
BigAlphaID,Thymantha_4
BigAlphaID,farhanluk
BigAlphaID,hariansyahakbar
BigAlphaID,pinkankirana
BigAlphaID,angelinanoah
BigAlphaID,dwisuryani09
BigAlphaID,langgenggggg
BigAlphaID,rlawns3730
BigAlphaID,hasilbarus
BigAlphaID,Komalasari_AK
BigAlphaID,haiayu
BigAlphaID,radenmassyrf
BigAlphaID,samalodeddy_
BigAlphaID,rikeursyn
BigAlphaID,zlvrma
BigAlphaID,dita_actually
BigAlphaID,anggarazi
BigAlphaID,abeyees
BigAlphaID,ayamgeprekkkkk
BigAlphaID,p0tat0H8
BigAlphaID,aulokta
BigAlphaID,ciduuukk
realAbikaTrader,Barokahaamiin
cnbcindonesia,Barokahaamiin
BigAlphaID,N_Pangestu
BigAlphaID,ardhiistiadi
BigAlphaID,rifqiikhsann
BigAlphaID,srinurhayati_27
BigAlphaID,denniyoga
BigAlphaID,putumahendra09
BigAlphaID,fransiskapdewi
BigAlphaID,sanisna8
BigAlphaID,faizapabukan
BigAlphaID,wurifbrynt
BigAlphaID,kendydanangp
BigAlphaID,wawandirja
BigAlphaID,alatjilid
idsafwansrg,kevindaffaarr
BigAlphaID,gemmyputri_
BigAlphaID,Kamaratih03
BigAlphaID,welmove_
BigAlphaID,Saidalfamid
BigAlphaID,luthfiekauthar
BigAlphaID,horas_bright
BigAlphaID,nimahum_
BigAlphaID,abdurhasyim__
BigAlphaID,prrakoso
BigAlphaID,sherlisoktviani
BigAlphaID,farzis
BigAlphaID,SatyaDewastraBW
BigAlphaID,atdrianfajr
BigAlphaID,iindrajideg
BigAlphaID,abiyogah
BigAlphaID,luthfianakuni
BigAlphaID,deyoseliskoj
BigAlphaID,IrfanAuliyaaa
BigAlphaID,bxrnhale
BigAlphaID,itskindafergie
BigAlphaID,indirayaa
BigAlphaID,in_hoping
BigAlphaID,leetyong__
BigAlphaID,vivalaharasi
BigAlphaID,ateqahmad
BigAlphaID,matchaaaaa_lisy
BigAlphaID,waim_bong
BigAlphaID,Itsghea1
BigAlphaID,jepideksho
BigAlphaID,apreiskagilang
BigAlphaID,fadhilmunonice
BigAlphaID,masihnyariuname
runturambi_w,dannydhe
BigAlphaID,Merlindu_
BigAlphaID,pinktamin
runturambi_w,fd_SatuLagi
BigAlphaID,birgittadms
BigAlphaID,maxgarciaD
BigAlphaID,dsmnrls
BigAlphaID,GustiAlfianto
BigAlphaID,LuqmanFahd
BigAlphaID,secuilkeju
BigAlphaID,ekinizar
BigAlphaID,buruhkamera
BigAlphaID,dianamaharbid
BigAlphaID,ariefambiya
BigAlphaID,alfariez31
BigAlphaID,fauzianantacom
BigAlphaID,sepupumeimei
BigAlphaID,GentOfMiracles
BigAlphaID,willian_kvnn
BigAlphaID,grantkrezinov
BigAlphaID,TriMarlia
BigAlphaID,mellyameilia
BigAlphaID,adittrrrr
BigAlphaID,timelinism
BigAlphaID,randiadip
BigAlphaID,rizka_nurfitria
BigAlphaID,sonyaprst
BigAlphaID,yosafatmathiass
BigAlphaID,icemochiii_
BigAlphaID,iniwidaad
BigAlphaID,Permanafazartea
BigAlphaID,Alfinarhmawati
BigAlphaID,banyakrumah
BigAlphaID,noormutiatia
BigAlphaID,meyranip
BigAlphaID,79Muhammad
BigAlphaID,rdyrp
BigAlphaID,AuditoreYoga
BigAlphaID,timmymalachi
BigAlphaID,fihsar
BigAlphaID,suckmara
BigAlphaID,imalredyours
BigAlphaID,kevinsetiawans
BigAlphaID,akugapapak
BigAlphaID,mamangichal
BigAlphaID,DioWahyu
BigAlphaID,ileanfs
BigAlphaID,nyaricincin
BigAlphaID,itongsnugra
BigAlphaID,oppagege
BigAlphaID,anisafatmah_nf
BigAlphaID,helmaputri_
BigAlphaID,mhmmdwl
BigAlphaID,surahminovitasa
BigAlphaID,ltm3x
BigAlphaID,nastidiah
BigAlphaID,bungrio_
BigAlphaID,ayuditayudita
BigAlphaID,mhmmdnrrhmn
BigAlphaID,lonelyboiss
BigAlphaID,satyohr
BigAlphaID,boldowenso
BigAlphaID,Veterandum
BigAlphaID,pinkknitprince
BigAlphaID,gombang
BigAlphaID,Iyaemanggitu
BigAlphaID,ibnukha
BigAlphaID,hendyaw
BigAlphaID,gintingardi_
BigAlphaID,Teh__L
BigAlphaID,muIanie
BigAlphaID,kaylieur
BigAlphaID,p1t3nx
BigAlphaID,dhantee__
BigAlphaID,Heydanar
BigAlphaID,axshalpostman
BigAlphaID,salsabilawnnd
BigAlphaID,pinkindomie
BigAlphaID,MzReji
BigAlphaID,gigihlp
BigAlphaID,rizkimahardi4
BigAlphaID,mieayambakar
BigAlphaID,_chamaemelum
BigAlphaID,tarapsodi
BigAlphaID,wik_dd
BigAlphaID,ullimznuna
BigAlphaID,adityosusanto_
BigAlphaID,saamsulalam
BigAlphaID,yogatamawskth
BigAlphaID,akuluthfi
BigAlphaID,Aps_bgfml
BigAlphaID,baguskna
BigAlphaID,ki2nian
BigAlphaID,wwinwwon
BigAlphaID,Shima_ru
BigAlphaID,yolahardjono
HendraGW,BigAlphaID
BigAlphaID,buluketekkriswu
BigAlphaID,adipardana
BigAlphaID,Putri_Loviena
BigAlphaID,hakimsydn
BigAlphaID,thiscupcakes
BigAlphaID,forsythiapie
BigAlphaID,yuanindalaks
BigAlphaID,hafizhprasetya
BigAlphaID,Gadang_Guram
BigAlphaID,ibnusofyanp
BigAlphaID,AS_Hendra
BigAlphaID,dadisaqil
BigAlphaID,rickykusnandar
BigAlphaID,bseptians
BigAlphaID,bemiwa
BigAlphaID,alvyandanadit
BigAlphaID,solehouses
BigAlphaID,namelessjune
BigAlphaID,lostinmaldive
BigAlphaID,fananisa
BigAlphaID,_mamabruno
BigAlphaID,fazaasro
BigAlphaID,Jasmineazhr
BigAlphaID,sshellesshella
BigAlphaID,yusandynov
BigAlphaID,AlvinAlfathA
BigAlphaID,dionedo
BigAlphaID,canpratama
BigAlphaID,ciyacitra
BigAlphaID,sxyxyz
BigAlphaID,MuhammadAzmi06
BigAlphaID,refanisr
BigAlphaID,nasfayaretno
BigAlphaID,ilhmjtnk
BigAlphaID,ilhmrg
BigAlphaID,isnu
BigAlphaID,putputputgusput
BigAlphaID,dykadyk_
BigAlphaID,hendypratm
BigAlphaID,telurde
BigAlphaID,rapunceeeeel
BigAlphaID,Missd_dee
BigAlphaID,qsbsdm
BigAlphaID,AryoSekti
BigAlphaID,rockiryanto
BigAlphaID,Panji_lelono
BigAlphaID,deehap14
BigAlphaID,aloysiusdonny
BigAlphaID,M_Fahrul27
BigAlphaID,seriussedunia
BigAlphaID,apriliaaaa15
BigAlphaID,Rfy20
BigAlphaID,ferryutomooo
BigAlphaID,afrizalhanann
BigAlphaID,trikaloko
BigAlphaID,detjoel_
BigAlphaID,Fazri11Pro
BigAlphaID,alfi_kurniadha
BigAlphaID,EsaKhairunnisa
BigAlphaID,amrrhmz
BigAlphaID,djubido
BigAlphaID,pixiiesss
BigAlphaID,TheUyax
BigAlphaID,fadhli_muttaqin
BigAlphaID,nrzhersan
BigAlphaID,resteeh
BigAlphaID,dondibb
cnbcindonesia,A_dieee
BigAlphaID,prhayu_
BigAlphaID,fauzitone
BigAlphaID,voestko
BigAlphaID,razifnxh
BigAlphaID,Margaretavinaa
BigAlphaID,rayrayraynaldii
BigAlphaID,febriiArii
BigAlphaID,mmuzakkyalwyath
BigAlphaID,sobbbeast
BigAlphaID,akunnyaelin
BigAlphaID,sivanmullet
BigAlphaID,mixxvnn
BigAlphaID,Firalt
BigAlphaID,rojuldong
BigAlphaID,kuproyrupawan
BigAlphaID,farhan_hadyan
BigAlphaID,OktafaPrimana
BigAlphaID,AarwanRamsey
BigAlphaID,fauzanmahar
BigAlphaID,rhega_drdr
BigAlphaID,namyatheanns
BigAlphaID,FPalallo
BigAlphaID,AditioL
BigAlphaID,hanaly_
runturambi_w,arbaiasa
HendraGW,egoistcaptain
BigAlphaID,onedha93
BigAlphaID,cmdr_hellstorm
BigAlphaID,CalvinWicaksana
BigAlphaID,iqbalnurfauziii
BigAlphaID,luwandiko
BigAlphaID,BudiiGunawan
BigAlphaID,firmannara
HendraGW,ALN_Fandomless
BigAlphaID,ditatys_
BigAlphaID,fmufidas
BigAlphaID,nabiladhn
BigAlphaID,vanyanindya
BigAlphaID,mahfud9110
BigAlphaID,fauzy4
BigAlphaID,JanganlupaEdit
BigAlphaID,nuhkmh
BigAlphaID,iinnn_____
BigAlphaID,ErlinggaAgustia
BigAlphaID,zahrazu
BigAlphaID,rijalawal002
BigAlphaID,fucek2020
BigAlphaID,Phisparkyu
BigAlphaID,diniariyanii
BigAlphaID,monkiminko
BigAlphaID,wardanafajr1
BigAlphaID,dnuxer
BigAlphaID,Mr_Outliers
BigAlphaID,TarwiyahBilqis
runturambi_w,Sagemuly
BigAlphaID,afiadanii
BigAlphaID,farizsofyan
BigAlphaID,off__vie
BigAlphaID,Junhoehoehoew
runturambi_w,Sakharansi13
BigAlphaID,sukmoasih_
BigAlphaID,dalit_ibrahim
BigAlphaID,ramarusyada
BigAlphaID,ekoyyy__
BigAlphaID,Adorikun
BigAlphaID,aprizalicious
BigAlphaID,honeypottsy
BigAlphaID,abangnyakomachi
runturambi_w,Arif_KaChef
BigAlphaID,desyylr
BigAlphaID,FebriPratama
BigAlphaID,renrenika
BigAlphaID,adtyapw
BigAlphaID,niaprilinaa
BigAlphaID,ilhamedl
BigAlphaID,arthanugroho23
BigAlphaID,brimapashaa
BigAlphaID,restistygrn
BigAlphaID,rizkiivani
BigAlphaID,seimpairiyun
BigAlphaID,yenny_changg
BigAlphaID,yusufwahyuu
BigAlphaID,zamzons
BigAlphaID,isubilham
BigAlphaID,pabloesgopar
BigAlphaID,novriagi
BigAlphaID,dewiauliak
BigAlphaID,Istikurniawati_
BigAlphaID,nrdnta
BigAlphaID,bang_naiff
BigAlphaID,ypratama008
BigAlphaID,yay9521
BigAlphaID,fajaaarrr_r
BigAlphaID,fachriaprilian1
BigAlphaID,chimchimory
BigAlphaID,anjirsidian
BigAlphaID,wahyusriretno
BigAlphaID,adamkh__
BigAlphaID,nthsvntr
BigAlphaID,ssstttttfft
BigAlphaID,hilmanoo
BigAlphaID,agus_yusup
BigAlphaID,hanputros
BigAlphaID,bobskiiii
BigAlphaID,nananadira
BigAlphaID,Elaila_N
BigAlphaID,taufanaz
BigAlphaID,gabrieladipr
BigAlphaID,MrRendy
BigAlphaID,rizakurniaw
BigAlphaID,Rvaaaaaaa
BigAlphaID,G_R12
BigAlphaID,nisasabirin_
BigAlphaID,syaniaismaymayy
BigAlphaID,bonaventuraezra
BigAlphaID,aliebilqis
BigAlphaID,radityusuuf
BigAlphaID,notariantoss
BigAlphaID,itsWeasly
BigAlphaID,teukursy
BigAlphaID,komunichsan
BigAlphaID,Funyourbae
BigAlphaID,satriafrd
BigAlphaID,akuuuberuang
BigAlphaID,mgssalim21
BigAlphaID,ArdiTandioga
BigAlphaID,hkawilarangg
BigAlphaID,ekazaene
BigAlphaID,BanyuAgungS
BigAlphaID,liuetenant_fazi
BigAlphaID,sunsff
BigAlphaID,Jenggo50488984
BigAlphaID,jackgolas
BigAlphaID,ariefinns
BigAlphaID,ah_ganda
BigAlphaID,diannurilma
BigAlphaID,hendra_widyantr
BigAlphaID,hafizaLii
BigAlphaID,webareb3ars
BigAlphaID,aminullah_lubis
BigAlphaID,tharco
BigAlphaID,hambachatime
BigAlphaID,khairunisaridwn
BigAlphaID,dirgantarahtm
BigAlphaID,hannawdy
BigAlphaID,Mairiyansyaah
BigAlphaID,candrarudy
BigAlphaID,ekbenlicious
BigAlphaID,Den_Iker
BigAlphaID,mediocried
BigAlphaID,aldrdp
BigAlphaID,Fathul_Patoel
BigAlphaID,aukbrey
BigAlphaID,jpmorganID
runturambi_w,imus28
BigAlphaID,Alexand39364677
BigAlphaID,theflazzzh
BigAlphaID,robbyrachman17
BigAlphaID,Stmnh27
BigAlphaID,oshx940412
BigAlphaID,joy_mahakam
BigAlphaID,youronlyrendy
BigAlphaID,NightberryRose
BigAlphaID,ncenk_marcell
BigAlphaID,FaizZulkifli7
BigAlphaID,novelible
BigAlphaID,suvuu_
BigAlphaID,azharsatriag
BigAlphaID,HaniefMuhammad
BigAlphaID,dditayp
BigAlphaID,Gilang2516
BigAlphaID,juragandes
BigAlphaID,Gustyinside
BigAlphaID,vrmdhnty
BigAlphaID,jonginmanis
BigAlphaID,regnbbywooo
BigAlphaID,ImaldiEgy
BigAlphaID,noviaaaaaaaa_
BigAlphaID,farizabg_
BigAlphaID,Martaderatna
BigAlphaID,notshochill
BigAlphaID,willypps
BigAlphaID,iceteaboba_
BigAlphaID,syahrul_fahreza
BigAlphaID,dimazyanuar1
BigAlphaID,anggabicaraa
BigAlphaID,dheyaps
BigAlphaID,kurnbang
BigAlphaID,arskacncr
BigAlphaID,Basgildhaaan
BigAlphaID,harenesme
BigAlphaID,mythaphrodite
BigAlphaID,tfanyputri
BigAlphaID,Cinnamonvale
BigAlphaID,haqifarel
BigAlphaID,prd_bryan
BigAlphaID,melanaomi_
BigAlphaID,faraditaa
BigAlphaID,danangsatriyono
BigAlphaID,romeogadungan
BigAlphaID,fidefghijk
BigAlphaID,DekimbeM
BigAlphaID,ffkkre
BigAlphaID,Diolove5
BigAlphaID,febrianaridis
BigAlphaID,donkloo
BigAlphaID,ryugashit
BigAlphaID,chocents
BigAlphaID,laksananda_
BigAlphaID,watashitahsn
BigAlphaID,Awaaja_
BigAlphaID,Yosephat11
BigAlphaID,paramaputraa
BigAlphaID,teddyanr
BigAlphaID,Pacarkamunih
BigAlphaID,dprayudii
BigAlphaID,MohamadIdos
BigAlphaID,lulukhodijah
BigAlphaID,minseoque
BigAlphaID,mghfiranisa
BigAlphaID,nandamawardhani
BigAlphaID,Karinnarin
BigAlphaID,puspitanjung
BigAlphaID,rainaldiarchie
BigAlphaID,srisumaryani
BigAlphaID,fauqiahsholeha
BigAlphaID,Kristina_linaa
BigAlphaID,ichigo_ssi
BigAlphaID,evandaputra
BigAlphaID,overthinkquinn
BigAlphaID,pengentumbuh
BigAlphaID,FadhlulAnsari
BigAlphaID,rizkydidi
BigAlphaID,gegluduk
BigAlphaID,mixreversible
cnbcindonesia,yayaluthfiah
BigAlphaID,yayaluthfiah
BigAlphaID,uswatunurul
BigAlphaID,flawyless
BigAlphaID,pengensugihcuk
BigAlphaID,amsterdamgurls
BigAlphaID,malwarejr
BigAlphaID,_anotherthings
BigAlphaID,atikbaitty_
BigAlphaID,hajarwahyudi
BigAlphaID,Miichan366
BigAlphaID,faridarianto
BigAlphaID,mariaaaauw88
BigAlphaID,daenyangjwi
BigAlphaID,The_Darth_Maul_
BigAlphaID,vreynalto
BigAlphaID,argawildans
BigAlphaID,alfian_irmawan
BigAlphaID,muniadns
BigAlphaID,BeBygoness
BigAlphaID,janganboy
BigAlphaID,Andrybaktiar
cnbcindonesia,willhendrajaya
BigAlphaID,moccarein
BigAlphaID,amesoraya
BigAlphaID,adhiprtm
BigAlphaID,mhafizh_
BigAlphaID,saharryanto
BigAlphaID,rsydbrhm
BigAlphaID,kayaknya_kenal
BigAlphaID,nadyutaaa
cnbcindonesia,amrymoko
BigAlphaID,R_Perkasa
BigAlphaID,melka281
BigAlphaID,mdnurahman
BigAlphaID,Kutekians
BigAlphaID,yeahalfi
BigAlphaID,AdyGilang_
BigAlphaID,elavbrini
BigAlphaID,nyahopz
BigAlphaID,bonitandriyanti
BigAlphaID,Inaladhan
BigAlphaID,n0tdaijoubu
BigAlphaID,fheri_
BigAlphaID,ahmadawn
BigAlphaID,ReztuEko
BigAlphaID,bilaldsaputra
BigAlphaID,felixjio
BigAlphaID,LinduFajar_
BigAlphaID,jeremiakevin
BigAlphaID,aidlf
cnbcindonesia,sayasajaqwerty
runturambi_w,Ihsan30346450
runturambi_w,arcila_79
realAbikaTrader,silo_bagendit
runturambi_w,Eyangkuncentea
runturambi_w,Aku51458105
runturambi_w,Sjaechu
cnbcindonesia,KembangKardus
cnbcindonesia,tomipratama_
runturambi_w,darulhasan2020
runturambi_w,hary_cepy
runturambi_w,arizalmania
runturambi_w,LailyShey
cnbcindonesia,habib_sagala
cnbcindonesia,deaboy1
runturambi_w,fajrinhazmi
runturambi_w,EkaBudi05
runturambi_w,doelraman
cnbcindonesia,AtmokoWa
runturambi_w,DontcryindoKid
runturambi_w,abdulrtah
cnbcindonesia,hariprasodjo
cnbcindonesia,Anandayudist
runturambi_w,Hendy69261706
runturambi_w,4nw4r2020
cnbcindonesia,YudhaYuska
runturambi_w,ndoel_____
cnbcindonesia,RICARDONALD
cnbcindonesia,nasponriadek
realAbikaTrader,Adell1ne
runturambi_w,riandri1682
runturambi_w,aihaibaraq
runturambi_w,black13side
runturambi_w,achmadsetyo
runturambi_w,djadasjah
runturambi_w,WIJOKO56481769
runturambi_w,g1LaNg_coffee
runturambi_w,SSandra57
runturambi_w,ll_fharez
cnbcindonesia,TitikTerangNews
runturambi_w,NcangBeni
runturambi_w,Ghadin_Pghabu
runturambi_w,Asli_Serbalawan
runturambi_w,dtoni77
runturambi_w,ocin71
runturambi_w,misbahalfatihah
runturambi_w,bibin_bey
runturambi_w,Aiek_Channel
runturambi_w,Hendrik40972122
runturambi_w,Wawan_Hy
runturambi_w,reggayfreak
runturambi_w,demoSoCRAZY
runturambi_w,0m1nicr4ft__
runturambi_w,Koala_Saputro
runturambi_w,D14h_So3w4rn05
runturambi_w,NurlelySiregar
cnbcindonesia,Ngebutmaut
cnbcindonesia,Ngebutmaut
runturambi_w,kimnotkardasian
cnbcindonesia,firstnurakbar
runturambi_w,AkunDsxl
runturambi_w,Dara7575
runturambi_w,ArmanHlp
runturambi_w,integrity160171
runturambi_w,G4kNy3r4hBR0___
cnbcindonesia,BakulSunduk
cnbcindonesia,rablack77
cnbcindonesia,dc_aditya
Shda_Agatha,johanezjo99
Shda_Agatha,Vivittts
cnbcindonesia,HerminyudiP
